subject,time,stage
1,0,0
1,30,0
1,60,0
1,90,0
1,120,0
1,150,0
1,180,0
1,210,0
1,240,0
1,270,0
1,300,0
1,330,0
1,360,0
1,390,0
1,420,0
1,450,0
1,480,0
1,510,0
1,540,0
1,570,0
1,600,0
1,630,0
1,660,0
1,690,0
1,720,0
1,750,0
1,780,0
1,810,0
1,840,0
1,990,1
1,1080,1
1,1110,2
1,1140,2
1,1170,2
1,1200,0
1,1230,0
1,1260,0
1,1290,0
1,1320,0
1,1380,1
1,1410,1
1,1470,2
1,1500,2
1,1530,2
1,1560,2
1,1590,2
1,1620,2
1,1650,2
1,1680,2
1,1710,2
1,1740,0
1,1770,0
1,1800,0
1,1830,0
1,1860,0
1,1890,0
1,1920,0
1,1950,0
1,1980,0
1,2010,0
1,2040,0
1,2070,0
1,2100,0
1,2130,0
1,2160,0
1,2190,0
1,2220,0
1,2250,0
1,2280,0
1,2310,0
1,2370,1
1,2490,0
1,2520,1
1,2580,2
1,2610,2
1,2640,2
1,2850,3
1,2880,3
1,2910,3
1,2940,3
1,2970,3
1,3000,3
1,3030,3
1,3060,3
1,3090,3
1,3120,3
1,3150,3
1,3180,3
1,3210,3
1,3240,3
1,3270,3
1,3300,3
1,3330,3
1,3360,3
1,3390,3
1,3420,3
1,3450,0
1,3480,0
1,3510,0
1,3540,0
1,3570,0
1,3600,0
1,3630,0
1,3660,0
1,3690,0
1,3720,0
1,3750,0
1,3780,0
1,3810,0
1,3840,0
1,3870,0
1,3900,0
1,3930,1
1,3960,1
1,3990,1
1,4020,2
1,4050,2
1,4080,2
1,4110,2
1,4140,2
1,4170,0
1,4200,0
1,4230,0
1,4260,1
1,4290,2
1,4320,2
1,4350,2
1,4380,2
1,4410,2
1,4440,2
1,4470,2
1,4500,2
1,4530,2
1,4560,2
1,4590,2
1,4620,2
1,4680,3
1,4710,3
1,4740,3
1,4770,0
1,4800,1
1,4830,2
1,4860,2
1,4890,2
1,4920,2
1,4950,2
1,4980,2
1,5010,0
1,5040,1
1,5070,0
1,5190,2
1,5220,2
1,5250,1
1,5280,0
1,5310,1
1,5340,1
1,5400,0
1,5430,0
1,5460,0
1,5490,0
1,5520,0
1,5550,0
1,5700,1
1,5790,2
1,5820,2
1,5850,2
1,5880,2
1,6030,3
1,6060,3
1,6090,3
1,6120,3
1,6180,3
1,6210,3
1,6240,3
1,6270,3
1,6300,3
1,6330,3
1,6360,0
1,6420,2
1,6450,2
1,6480,2
1,6510,2
1,6540,3
1,6570,3
1,6600,3
1,6630,3
1,6660,3
1,6690,3
1,6720,3
1,6750,3
1,6780,3
1,6810,3
1,6840,3
1,6870,3
1,6900,3
1,6930,3
1,6960,3
1,7020,3
1,7050,3
1,7080,3
1,7110,3
1,7140,3
1,7170,3
1,7200,3
1,7230,3
1,7260,3
1,7290,3
1,7320,3
1,7350,3
1,7380,3
1,7410,3
1,7440,3
1,7470,3
1,7500,3
1,7530,3
1,7560,3
1,7590,3
1,7620,3
1,7650,3
1,7680,3
1,7710,3
1,7740,3
1,7800,2
1,7950,2
1,7980,2
1,8010,2
1,8040,2
1,8070,2
1,8100,2
1,8130,2
1,8160,2
1,8190,2
1,8220,2
1,8250,2
1,8280,2
1,8310,2
1,8340,2
1,8370,2
1,8400,2
1,8430,2
1,8460,2
1,8490,2
1,8520,2
1,8550,2
1,8580,0
1,8640,1
1,8670,1
1,8700,2
1,8730,2
1,8760,2
1,8790,2
1,8820,5
1,8880,5
1,8910,5
1,8940,5
1,8970,5
1,9000,5
1,9030,1
1,9060,1
1,9090,1
1,9150,2
1,9180,1
1,9240,5
1,9270,5
1,9330,1
1,9360,1
1,9390,0
1,9420,1
1,9450,1
1,9480,2
1,9510,2
1,9540,2
1,9570,2
1,9630,0
1,9660,0
1,9690,0
1,9720,1
1,9750,1
1,9780,1
1,9840,2
1,9870,2
1,9900,2
1,9930,2
1,9960,2
1,9990,2
1,10020,2
1,10050,2
1,10080,2
1,10110,0
1,10140,2
1,10170,2
1,10200,1
1,10230,2
1,10260,2
1,10290,2
1,10320,2
1,10350,2
1,10380,2
1,10410,2
1,10440,2
1,10500,2
1,10770,3
1,10800,3
1,10830,3
1,10860,3
1,10890,3
1,10920,3
1,10950,3
1,10980,3
1,11010,3
1,11040,3
1,11070,3
1,11100,3
1,11130,3
1,11160,3
1,11190,3
1,11220,3
1,11250,3
1,11280,3
1,11310,3
1,11340,3
1,11370,3
1,11400,3
1,11430,3
1,11460,3
1,11490,3
1,11520,3
1,11550,3
1,11640,1
1,11700,2
1,11730,2
1,11760,2
1,11790,2
1,11820,2
1,11850,2
1,11880,2
1,11910,2
1,11940,2
1,11970,2
1,12000,2
1,12030,2
1,12060,2
1,12090,2
1,12120,2
1,12150,2
1,12180,2
1,12210,2
1,12240,2
1,12270,2
1,12300,2
1,12330,2
1,12360,2
1,12390,2
1,12420,2
1,12450,2
1,12480,2
1,12510,2
1,12540,2
1,12570,2
1,12600,2
1,12630,2
1,12660,0
1,12780,2
1,12810,2
1,12840,2
1,12870,2
1,12900,2
1,12930,2
1,12960,2
1,12990,0
1,13020,0
1,13140,2
1,13170,2
1,13200,2
1,13230,2
1,13260,2
1,13290,0
1,13350,0
1,13380,0
1,13530,2
1,13560,2
1,13590,2
1,13620,2
1,13650,2
1,13680,2
1,13710,2
1,13740,2
1,13770,2
1,13800,0
1,13830,1
1,13890,1
1,13920,2
1,13950,2
1,13980,2
1,14010,2
1,14070,0
1,14100,1
1,14130,2
1,14160,2
1,14190,2
1,14220,2
1,14250,2
1,14280,2
1,14310,2
1,14340,2
1,14370,2
1,14400,2
1,14430,2
1,14460,2
1,14490,2
1,14520,5
1,14550,5
1,14580,5
1,14610,5
1,14670,5
1,14700,5
1,14730,5
1,14760,5
1,14790,5
1,14820,5
1,14850,5
1,14880,5
1,14910,5
1,14940,5
1,14970,5
1,15000,5
1,15030,5
1,15060,5
1,15090,5
1,15120,5
1,15150,5
1,15180,5
1,15210,5
1,15240,5
1,15270,5
1,15300,5
1,15330,5
1,15360,5
1,15390,5
1,15420,5
1,15450,5
1,15480,5
1,15510,5
1,15570,5
1,15600,5
1,15630,5
1,15660,5
1,15690,5
1,15720,5
1,15780,0
1,15810,0
1,15840,0
1,15870,1
1,15930,1
1,15960,1
1,15990,1
1,16020,2
1,16050,2
1,16110,2
1,16140,2
1,16170,2
1,16200,2
1,16230,2
1,16260,2
1,16290,2
1,16320,2
1,16350,0
1,16380,0
1,16410,1
1,16440,2
1,16470,2
1,16500,2
1,16530,2
1,16560,2
1,16590,2
1,16620,2
1,16650,2
1,16680,2
1,16710,2
1,16740,2
1,16770,2
1,16800,2
1,16830,2
1,16860,2
1,16890,2
1,16920,2
1,16950,2
1,16980,2
1,17010,2
1,17040,2
1,17070,2
1,17130,3
1,17160,3
1,17190,3
1,17220,3
1,17250,3
1,17280,3
1,17310,3
1,17340,3
1,17370,3
1,17400,3
1,17430,3
1,17460,3
1,17490,3
1,17520,3
1,17550,3
1,17580,3
1,17610,3
1,17640,3
1,17670,3
1,17700,3
1,17730,3
1,17760,3
1,17790,3
1,17820,3
1,17850,3
1,17880,3
1,17910,3
1,17940,3
1,17970,3
1,18000,3
1,18030,3
1,18060,3
1,18090,3
1,18120,3
1,18150,3
1,18180,3
1,18210,3
1,18240,3
1,18270,3
1,18300,3
1,18330,3
1,18360,3
1,18390,3
1,18420,3
1,18450,3
1,18480,3
1,18510,3
1,18540,3
1,18600,0
1,18630,1
1,18660,1
1,18690,2
1,18720,2
1,18750,2
1,18780,2
1,18810,2
1,18840,2
1,18870,2
1,18900,2
1,18930,2
1,18960,2
1,18990,2
1,19020,2
1,19050,2
1,19080,2
1,19110,2
1,19140,2
1,19170,2
1,19200,2
1,19230,2
1,19260,2
1,19290,2
1,19320,2
1,19350,2
1,19380,2
1,19410,2
1,19440,2
1,19470,2
1,19500,2
1,19530,2
1,19560,2
1,19590,2
1,19620,2
1,19650,2
1,19680,2
1,19710,2
1,19740,2
1,19800,1
1,19830,5
1,19860,5
1,19890,5
1,19950,1
1,19980,1
1,20040,1
1,20070,1
1,20100,5
1,20130,5
1,20160,5
1,20190,5
1,20220,5
1,20250,5
1,20280,5
1,20310,5
1,20340,5
1,20370,5
1,20400,5
1,20430,5
1,20460,5
1,20490,5
1,20520,5
1,20550,5
1,20580,5
1,20610,5
1,20640,5
1,20670,5
1,20700,5
1,20730,5
1,20760,5
1,20790,5
1,20820,5
1,20850,5
1,20880,1
1,20940,5
1,20970,5
1,21000,5
1,21030,5
1,21060,0
1,21090,0
1,21150,0
1,21180,0
1,21210,0
1,21240,1
1,21300,0
1,21330,0
1,21360,0
1,21420,0
1,21480,0
1,21510,0
1,21540,0
1,21570,0
1,21600,1
1,21660,1
1,21690,1
1,21720,1
1,21750,1
1,21780,2
1,21810,2
1,21840,0
1,21870,0
1,21900,0
1,21930,0
1,21960,0
1,22020,1
1,22050,1
1,22080,1
1,22110,2
1,22140,2
1,22170,2
1,22200,2
1,22230,2
1,22260,2
1,22290,2
1,22320,2
1,22350,2
1,22380,2
1,22410,2
1,22440,2
1,22470,2
1,22500,2
1,22530,2
1,22560,2
1,22590,2
1,22620,2
1,22650,2
1,22680,2
1,22710,2
1,22740,2
1,22770,2
1,22800,2
1,22830,2
1,22860,2
1,22890,2
1,22920,2
1,22950,2
1,22980,2
1,23010,2
1,23040,2
1,23100,3
1,23130,3
1,23190,3
1,23250,3
1,23310,3
1,23340,3
1,23370,3
1,23400,3
1,23430,3
1,23460,3
1,23490,3
1,23520,3
1,23550,3
1,23580,3
1,23610,3
1,23640,3
1,23670,3
1,23700,3
1,23730,3
1,23760,3
1,23790,2
1,23820,2
1,23850,2
1,23880,1
1,23940,2
1,23970,2
1,24000,2
1,24030,1
1,24060,2
1,24090,2
1,24120,2
1,24150,2
1,24180,2
1,24210,2
1,24240,2
1,24270,2
1,24300,2
1,24330,2
1,24360,2
1,24390,2
1,24420,2
1,24450,2
1,24480,2
1,24540,5
1,24570,5
1,24630,5
1,24660,5
1,24690,1
1,24720,1
1,24780,1
1,24810,1
1,24840,5
1,24900,5
1,24930,5
1,24990,5
1,25020,5
1,25050,5
1,25080,5
1,25110,5
1,25140,0
1,25170,1
1,25200,1
1,25230,1
1,25260,1
1,25380,5
1,25410,5
1,25440,0
1,25470,0
1,25500,0
1,25530,0
1,25560,0
1,25590,1
1,25620,0
1,25650,0
1,25680,0
1,25710,0
1,25740,0
1,25770,1
1,25800,1
1,25830,1
1,25860,1
1,25980,2
1,26040,2
1,26070,2
1,26100,2
1,26130,0
1,26160,0
1,26190,1
1,26220,1
1,26250,1
1,26310,2
1,26340,2
1,26370,2
1,26400,2
1,26430,2
1,26460,2
1,26490,2
1,26520,2
1,26550,2
1,26580,2
1,26610,2
1,26640,2
1,26670,2
1,26700,2
1,26730,1
1,26760,2
1,26790,2
1,26820,2
1,26850,2
1,26880,2
1,26910,2
1,26940,2
1,26970,2
1,27000,2
1,27030,2
1,27060,2
1,27090,2
1,27120,2
1,27150,2
1,27180,2
1,27210,2
1,27240,2
1,27270,2
1,27300,2
1,27330,2
1,27360,2
1,27390,2
1,27420,2
1,27450,2
1,27480,2
1,27510,2
1,27540,2
1,27570,2
1,27600,2
1,27630,2
1,27660,2
1,27690,2
1,27720,2
1,27750,2
1,27780,2
1,27810,2
1,27990,5
1,28020,1
1,28080,5
1,28110,5
1,28140,5
1,28170,5
1,28200,5
1,28230,5
1,28260,5
1,28290,5
1,28320,5
1,28350,5
1,28380,5
1,28470,1
1,28500,1
1,28530,0
1,28560,0
1,28590,0
2,0,0
2,30,0
2,60,0
2,90,0
2,120,0
2,330,2
2,480,1
2,540,2
2,570,2
2,600,2
2,630,2
2,660,2
2,690,2
2,720,2
2,750,2
2,780,2
2,930,2
2,960,2
2,990,2
2,1020,2
2,1050,2
2,1170,2
2,1290,2
2,1470,3
2,1500,3
2,1530,3
2,1560,3
2,1590,3
2,1620,3
2,1680,2
2,1710,1
2,1740,0
2,1770,1
2,1800,1
2,1830,0
2,1860,1
2,1890,1
2,1950,2
2,1980,1
2,2040,2
2,2070,2
2,2100,2
2,2220,2
2,2250,2
2,2340,0
2,2370,1
2,2400,2
2,2430,2
2,2460,2
2,2490,2
2,2550,2
2,2580,2
2,2610,2
2,2640,2
2,2790,3
2,2820,3
2,2850,3
2,2880,3
2,2940,2
2,2970,2
2,3090,1
2,3120,1
2,3150,0
2,3180,1
2,3210,2
2,3240,2
2,3300,1
2,3360,2
2,3390,2
2,3420,2
2,3510,1
2,3540,1
2,3570,0
2,3600,0
2,3630,0
2,3720,0
2,3750,0
2,3780,0
2,3810,0
2,4050,2
2,4080,2
2,4110,2
2,4140,2
2,4170,2
2,4200,2
2,4230,2
2,4260,2
2,4290,2
2,4320,3
2,4350,3
2,4380,3
2,4410,3
2,4440,3
2,4470,3
2,4500,3
2,4530,3
2,4560,3
2,4590,3
2,4620,3
2,4650,3
2,4680,3
2,4710,3
2,4740,3
2,4770,3
2,4800,3
2,4830,3
2,4860,3
2,4890,3
2,4920,3
2,4950,3
2,4980,3
2,5010,3
2,5040,3
2,5070,3
2,5100,3
2,5130,3
2,5160,3
2,5190,3
2,5220,3
2,5250,3
2,5280,3
2,5310,3
2,5340,3
2,5370,3
2,5400,3
2,5430,3
2,5460,3
2,5490,3
2,5520,3
2,5550,3
2,5580,3
2,5610,3
2,5640,3
2,5670,3
2,5700,3
2,5730,3
2,5760,3
2,5790,3
2,5820,3
2,5850,3
2,5880,3
2,5910,3
2,5940,3
2,5970,3
2,6270,2
2,6300,2
2,6330,2
2,6360,2
2,6390,2
2,6420,2
2,6450,2
2,6480,2
2,6510,2
2,6540,5
2,6570,5
2,6690,5
2,6720,5
2,6810,5
2,6900,5
2,6930,1
2,6990,1
2,7050,1
2,7110,5
2,7140,5
2,7170,1
2,7200,1
2,7230,0
2,7260,0
2,7290,0
2,7320,0
2,7350,0
2,7380,0
2,7410,0
2,7440,0
2,7470,0
2,7500,0
2,7530,0
2,7560,0
2,7590,0
2,7620,0
2,7650,0
2,7680,0
2,7710,0
2,7740,0
2,7770,0
2,7800,0
2,7830,0
2,7860,0
2,7890,0
2,7920,0
2,7950,0
2,7980,0
2,8010,0
2,8040,0
2,8070,0
2,8100,0
2,8130,0
2,8160,0
2,8190,0
2,8220,0
2,8250,0
2,8280,0
2,8310,0
2,8340,0
2,8370,0
2,8400,0
2,8430,0
2,8460,1
2,8490,1
2,8520,1
2,8550,1
2,8580,2
2,8610,2
2,8640,0
2,8670,0
2,8700,0
2,8730,1
2,8760,1
2,8790,1
2,8850,1
2,8970,2
2,9000,2
2,9030,2
2,9060,2
2,9090,2
2,9120,2
2,9150,2
2,9180,2
2,9210,2
2,9240,2
2,9270,2
2,9300,2
2,9330,2
2,9360,2
2,9390,2
2,9420,2
2,9450,2
2,9480,2
2,9510,2
2,9540,2
2,9600,2
2,9630,2
2,9660,2
2,9690,2
2,9720,2
2,9750,2
2,9780,2
2,9870,2
2,9900,2
2,9930,2
2,9960,2
2,10110,2
2,10140,2
2,10170,2
2,10200,2
2,10230,2
2,10260,2
2,10290,2
2,10320,2
2,10350,2
2,10380,2
2,10410,2
2,10440,2
2,10470,2
2,10500,2
2,10530,2
2,10560,2
2,10590,2
2,10620,2
2,10710,2
2,10770,3
2,10800,3
2,10830,3
2,10860,3
2,10890,3
2,10920,3
2,10950,3
2,10980,3
2,11010,3
2,11040,3
2,11100,3
2,11130,3
2,11160,3
2,11250,2
2,11280,3
2,11310,3
2,11340,3
2,11370,3
2,11400,3
2,11430,3
2,11460,3
2,11490,3
2,11520,3
2,11550,3
2,11580,3
2,11610,3
2,11640,3
2,11670,3
2,11700,3
2,11730,3
2,11760,3
2,11790,3
2,11820,3
2,11850,3
2,11910,3
2,11940,3
2,11970,3
2,12000,3
2,12030,3
2,12060,3
2,12090,3
2,12120,3
2,12150,3
2,12180,3
2,12210,3
2,12240,3
2,12270,3
2,12300,3
2,12330,3
2,12360,3
2,12390,3
2,12420,3
2,12450,3
2,12480,3
2,12510,3
2,12540,3
2,12570,3
2,12600,3
2,12630,3
2,12660,3
2,12690,3
2,12720,3
2,12750,3
2,12780,3
2,12810,3
2,12840,3
2,12870,3
2,12900,3
2,12930,3
2,12960,3
2,12990,3
2,13050,5
2,13080,5
2,13110,5
2,13170,1
2,13200,5
2,13230,5
2,13260,5
2,13290,5
2,13320,5
2,13350,5
2,13380,5
2,13410,5
2,13440,5
2,13470,5
2,13500,5
2,13530,5
2,13560,5
2,13590,5
2,13620,5
2,13650,5
2,13680,5
2,13710,5
2,13740,5
2,13770,5
2,13830,1
2,13860,1
2,13890,2
2,13920,2
2,13950,2
2,14070,2
2,14100,2
2,14130,2
2,14160,2
2,14190,2
2,14220,2
2,14250,2
2,14280,2
2,14310,2
2,14340,2
2,14370,2
2,14400,2
2,14430,2
2,14460,2
2,14490,2
2,14520,2
2,14550,2
2,14580,2
2,14610,2
2,14640,2
2,14670,2
2,14700,2
2,14730,2
2,14760,2
2,14790,2
2,14820,2
2,14880,2
2,14910,2
2,15090,3
2,15120,3
2,15150,3
2,15180,3
2,15210,3
2,15240,3
2,15270,3
2,15300,3
2,15330,3
2,15360,3
2,15390,3
2,15420,3
2,15450,3
2,15480,0
2,15540,0
2,15600,0
2,15630,1
2,15690,0
2,15720,1
2,15750,1
2,15780,1
2,15810,1
2,15840,2
2,15870,2
2,15900,2
2,16110,2
2,16140,2
2,16170,2
2,16200,1
2,16230,2
2,16260,1
2,16290,2
2,16320,2
2,16380,2
2,16410,2
2,16440,2
2,16500,2
2,16530,2
2,16560,2
2,16590,0
2,16650,1
2,16680,2
2,16710,2
2,16740,0
2,16800,2
2,16830,2
2,16860,1
2,16890,2
2,16920,2
2,16950,2
2,16980,2
2,17010,2
2,17040,2
2,17070,2
2,17100,2
2,17130,2
2,17160,2
2,17190,2
2,17220,2
2,17250,2
2,17310,5
2,17370,5
2,17430,5
2,17460,5
2,17490,5
2,17520,5
2,17550,5
2,17580,5
2,17610,5
2,17640,5
2,17670,5
2,17730,0
2,17760,1
2,17790,1
2,17880,2
2,17940,2
2,17970,2
2,18000,2
2,18060,2
2,18090,2
2,18120,2
2,18150,2
2,18210,2
2,18240,2
2,18270,2
2,18300,2
2,18330,2
2,18360,2
2,18390,2
2,18450,2
2,18480,2
2,18510,2
2,18540,2
2,18570,2
2,18600,2
2,18630,2
2,18690,2
2,18720,2
2,18750,2
2,18930,2
2,18960,2
2,18990,2
2,19020,1
2,19050,2
2,19080,2
2,19110,2
2,19140,2
2,19170,2
2,19200,2
2,19230,2
2,19260,5
2,19290,5
2,19350,5
2,19380,5
2,19410,5
2,19440,5
2,19470,5
2,19500,5
2,19560,5
2,19590,5
2,19620,5
2,19650,5
2,19680,5
2,19710,5
2,19740,5
2,19770,5
2,19800,5
2,19830,5
2,19860,5
2,19890,5
2,19920,5
2,19950,5
2,19980,5
2,20010,5
2,20070,1
2,20250,2
2,20280,1
2,20310,1
2,20400,2
2,20430,2
2,20460,5
2,20490,5
2,20520,5
2,20550,5
2,20580,5
2,20640,5
2,20670,5
2,20700,5
2,20730,5
2,20760,5
2,20790,5
2,20820,5
2,20850,5
2,20880,5
2,20910,5
2,20940,5
2,20970,5
2,21000,5
2,21060,5
2,21090,5
2,21120,1
2,21150,1
2,21180,1
2,21210,1
2,21240,1
2,21360,5
2,21390,5
2,21420,5
2,21450,5
2,21480,5
2,21510,5
2,21540,5
2,21600,5
2,21630,1
2,21660,5
2,21690,5
2,21750,5
2,21780,5
2,21960,1
2,22050,5
2,22080,5
2,22110,5
2,22140,5
2,22170,5
2,22200,5
2,22230,1
2,22260,5
2,22290,5
2,22320,5
2,22350,5
2,22380,5
2,22410,5
2,22470,1
2,22560,2
2,22590,2
2,22620,2
2,22740,5
2,22770,5
2,22800,5
2,22830,5
2,22920,2
2,22950,2
2,22980,2
2,23010,5
2,23040,5
2,23070,5
2,23100,5
2,23130,5
2,23160,5
2,23190,5
2,23220,5
2,23250,5
2,23280,5
2,23310,5
2,23340,1
2,23370,1
2,23400,1
2,23460,1
2,23490,1
2,23520,1
2,23550,1
2,23610,2
2,23640,2
2,23700,2
2,23730,2
2,23760,2
2,23790,2
2,23820,2
2,23850,2
2,23880,2
2,23910,2
2,23940,2
2,23970,2
2,24000,2
2,24030,2
2,24060,2
2,24120,2
2,24180,2
2,24300,2
2,24330,2
2,24360,2
2,24480,3
2,24510,3
2,24540,3
2,24570,3
2,24600,3
2,24630,3
2,24660,3
2,24690,3
2,24720,3
2,24750,3
2,24780,3
2,24810,3
2,24840,3
2,24870,3
2,24900,3
2,24930,3
2,24960,3
2,24990,3
2,25020,3
2,25050,3
2,25080,3
2,25110,3
2,25140,3
2,25170,3
2,25200,3
2,25230,3
2,25260,3
2,25290,3
2,25320,3
2,25350,3
2,25380,3
2,25410,3
2,25440,3
2,25470,3
2,25500,3
2,25530,3
2,25560,3
2,25590,3
2,25620,3
2,25650,3
2,25680,0
2,25740,0
2,25830,0
2,25860,1
2,25890,1
2,25950,0
2,26010,1
2,26040,2
2,26070,2
2,26130,1
2,26160,2
2,26190,2
2,26220,2
2,26250,2
2,26280,2
2,26310,2
2,26340,2
2,26370,2
2,26400,2
2,26430,2
2,26460,2
2,26490,2
2,26520,2
2,26550,2
2,26580,2
2,26610,2
2,26640,2
2,26670,2
2,26700,0
2,26730,1
2,26760,2
2,26790,2
2,26820,5
2,26850,5
2,26880,5
2,26910,5
2,26940,5
2,26970,1
2,27000,5
2,27030,5
2,27090,5
2,27120,5
2,27150,5
2,27180,5
2,27210,5
2,27240,5
2,27270,5
2,27300,5
2,27330,5
2,27360,5
2,27390,5
2,27420,5
2,27450,5
2,27570,5
2,27600,5
2,27630,5
2,27660,5
2,27690,5
2,27720,5
2,27750,5
2,27780,0
2,27810,0
2,27840,0
2,27870,0
2,27900,0
2,27930,0
2,27960,0
2,27990,0
2,28020,0
2,28050,0
2,28080,0
2,28110,0
2,28140,0
2,28170,0
2,28200,0
3,0,0
3,30,0
3,60,0
3,90,0
3,120,0
3,150,0
3,180,0
3,210,0
3,240,0
3,270,0
3,300,0
3,330,0
3,360,0
3,390,1
3,420,2
3,480,1
3,510,2
3,540,2
3,570,0
3,630,2
3,660,2
3,690,2
3,720,2
3,750,2
3,780,2
3,810,2
3,840,2
3,870,2
3,930,2
3,960,2
3,990,0
3,1020,0
3,1080,2
3,1110,0
3,1140,0
3,1170,1
3,1200,1
3,1230,2
3,1290,2
3,1320,2
3,1350,2
3,1380,2
3,1410,2
3,1440,0
3,1470,2
3,1500,2
3,1560,2
3,1590,2
3,1620,2
3,1650,2
3,1680,2
3,1710,2
3,1740,2
3,1770,2
3,1800,2
3,1830,2
3,1860,2
3,1890,2
3,1950,3
3,1980,3
3,2010,2
3,2040,2
3,2070,2
3,2100,2
3,2130,2
3,2220,3
3,2250,3
3,2280,3
3,2310,3
3,2340,3
3,2370,3
3,2400,3
3,2430,3
3,2460,3
3,2490,3
3,2520,3
3,2550,3
3,2580,3
3,2610,3
3,2640,3
3,2670,3
3,2700,3
3,2730,3
3,2760,3
3,2790,3
3,2820,3
3,2850,3
3,2880,3
3,2910,3
3,2940,3
3,2970,3
3,3000,3
3,3030,3
3,3060,3
3,3090,3
3,3120,3
3,3150,3
3,3180,3
3,3210,3
3,3240,3
3,3270,3
3,3300,3
3,3330,3
3,3360,3
3,3390,3
3,3420,3
3,3450,3
3,3480,3
3,3510,3
3,3540,3
3,3570,3
3,3600,3
3,3630,3
3,3660,3
3,3690,3
3,3720,3
3,3750,3
3,3780,3
3,3810,3
3,3840,3
3,3870,3
3,3900,3
3,3930,3
3,3960,3
3,3990,3
3,4020,3
3,4050,3
3,4080,3
3,4110,3
3,4140,3
3,4170,3
3,4200,3
3,4230,3
3,4260,3
3,4290,3
3,4320,3
3,4350,3
3,4380,3
3,4410,3
3,4440,3
3,4470,3
3,4500,3
3,4530,3
3,4560,3
3,4590,3
3,4620,3
3,4650,3
3,4680,3
3,4710,3
3,4740,3
3,4770,3
3,4800,3
3,4830,3
3,4860,3
3,4890,3
3,4920,3
3,4950,3
3,4980,3
3,5010,3
3,5070,3
3,5100,3
3,5130,3
3,5160,3
3,5190,3
3,5220,3
3,5250,3
3,5280,0
3,5310,3
3,5430,2
3,5460,2
3,5490,2
3,5520,2
3,5640,5
3,5670,5
3,5700,5
3,5730,5
3,5760,5
3,5790,5
3,5820,5
3,5880,2
3,5910,5
3,6000,5
3,6030,5
3,6060,5
3,6090,5
3,6120,5
3,6240,5
3,6330,1
3,6360,2
3,6390,2
3,6420,2
3,6450,2
3,6480,2
3,6510,2
3,6540,1
3,6570,2
3,6600,2
3,6630,2
3,6660,2
3,6690,2
3,6720,2
3,6750,2
3,6780,2
3,6810,2
3,6840,2
3,6870,2
3,6900,2
3,7050,0
3,7110,0
3,7140,0
3,7200,2
3,7230,2
3,7260,0
3,7290,0
3,7320,1
3,7350,2
3,7380,2
3,7410,2
3,7440,2
3,7590,3
3,7620,3
3,7650,3
3,7680,3
3,7710,3
3,7740,3
3,7770,3
3,7800,3
3,7830,3
3,7860,3
3,7890,3
3,7920,3
3,7950,3
3,7980,3
3,8010,3
3,8040,3
3,8070,3
3,8100,3
3,8130,3
3,8160,3
3,8190,3
3,8220,3
3,8250,3
3,8280,3
3,8310,3
3,8340,3
3,8370,3
3,8400,3
3,8430,0
3,8520,0
3,8550,2
3,8610,2
3,8640,2
3,8670,2
3,8700,2
3,8730,2
3,8760,2
3,8790,1
3,8820,2
3,8850,2
3,8880,2
3,8910,0
3,8940,2
3,8970,2
3,9000,2
3,9030,2
3,9060,2
3,9090,0
3,9120,2
3,9150,2
3,9180,2
3,9210,2
3,9240,2
3,9270,2
3,9330,3
3,9360,3
3,9390,3
3,9420,3
3,9450,3
3,9480,3
3,9510,3
3,9540,3
3,9570,3
3,9600,3
3,9630,3
3,9660,3
3,9690,3
3,9720,3
3,9750,3
3,9780,3
3,9810,3
3,9840,3
3,9870,3
3,9900,3
3,9930,3
3,9960,3
3,9990,3
3,10020,3
3,10050,3
3,10080,3
3,10110,3
3,10140,3
3,10170,3
3,10200,3
3,10230,3
3,10260,3
3,10290,3
3,10320,3
3,10350,3
3,10380,3
3,10410,3
3,10440,3
3,10470,3
3,10500,3
3,10530,3
3,10560,3
3,10590,3
3,10620,3
3,10650,3
3,10680,3
3,10710,3
3,10740,3
3,10770,3
3,10800,3
3,10830,3
3,10860,3
3,10890,3
3,10920,3
3,10950,3
3,10980,3
3,11010,3
3,11040,3
3,11070,3
3,11100,3
3,11130,3
3,11160,3
3,11190,3
3,11220,3
3,11250,3
3,11280,3
3,11310,3
3,11340,3
3,11370,3
3,11400,3
3,11430,0
3,11520,0
3,11550,1
3,11580,2
3,11610,2
3,11640,2
3,11670,2
3,11700,0
3,11730,0
3,11790,0
3,11850,2
3,11880,2
3,11910,2
3,11940,2
3,12000,5
3,12030,5
3,12060,5
3,12090,5
3,12120,5
3,12150,5
3,12180,5
3,12210,5
3,12240,5
3,12270,5
3,12300,5
3,12330,5
3,12360,5
3,12390,5
3,12420,5
3,12450,5
3,12480,5
3,12510,5
3,12540,5
3,12570,5
3,12600,5
3,12630,5
3,12660,5
3,12690,5
3,12720,5
3,12750,5
3,12780,5
3,12810,5
3,12840,0
3,12900,5
3,12960,1
3,12990,1
3,13020,1
3,13050,1
3,13110,1
3,13140,5
3,13170,5
3,13200,5
3,13230,5
3,13260,5
3,13290,5
3,13320,5
3,13350,5
3,13380,5
3,13470,1
3,13620,1
3,13680,2
3,13710,2
3,13740,2
3,13770,2
3,13800,2
3,13890,2
3,13920,2
3,13950,2
3,13980,2
3,14010,2
3,14040,2
3,14070,2
3,14100,2
3,14130,2
3,14160,2
3,14190,2
3,14220,2
3,14250,2
3,14280,2
3,14310,2
3,14370,0
3,14400,0
3,14430,1
3,14490,1
3,14550,2
3,14580,2
3,14610,2
3,14640,0
3,14670,1
3,14700,2
3,14760,2
3,14790,2
3,14820,2
3,14850,2
3,14880,2
3,14910,2
3,14940,2
3,14970,2
3,15000,2
3,15030,2
3,15060,2
3,15090,2
3,15360,2
3,15390,2
3,15420,2
3,15450,2
3,15480,2
3,15930,2
3,15960,0
3,16080,2
3,16110,0
3,16140,0
3,16170,0
3,16200,0
3,16230,0
3,16260,0
3,16290,0
3,16320,0
3,16350,0
3,16380,0
3,16470,1
3,16500,0
3,16530,1
3,16560,1
3,16590,1
3,16620,2
3,16680,2
3,16740,2
3,16770,2
3,16800,2
3,16830,2
3,16860,1
3,16890,0
3,16920,0
3,16950,1
3,16980,0
3,17010,1
3,17040,1
3,17070,1
3,17100,0
3,17190,2
3,17220,2
3,17250,2
3,17280,2
3,17310,2
3,17340,2
3,17370,2
3,17400,2
3,17430,2
3,17460,2
3,17490,0
3,17520,2
3,17550,2
3,17610,2
3,17640,2
3,17670,2
3,17700,2
3,17730,2
3,17760,2
3,17820,2
3,17850,2
3,17880,2
3,17910,0
3,17940,1
3,18000,0
3,18030,0
3,18060,0
3,18090,0
3,18120,1
3,18150,1
3,18180,1
3,18240,1
3,18270,2
3,18300,2
3,18330,1
3,18360,2
3,18420,2
3,18450,2
3,18480,2
3,18510,2
3,18540,2
3,18570,2
3,18600,2
3,18630,0
3,18660,0
3,18690,0
3,18720,0
3,18750,1
3,18780,1
3,18810,2
3,18840,2
3,18870,2
3,18960,2
3,18990,2
3,19020,2
3,19080,2
3,19110,2
3,19140,2
3,19170,2
3,19200,2
3,19230,5
3,19260,5
3,19320,5
3,19350,5
3,19380,5
3,19410,5
3,19440,5
3,19500,5
3,19560,5
3,19590,5
3,19620,5
3,19650,5
3,19680,5
3,19710,5
3,19740,5
3,19770,5
3,19800,5
3,19830,1
3,19860,5
3,19890,5
3,19920,5
3,19980,5
3,20010,5
3,20040,5
3,20070,5
3,20100,5
3,20130,5
3,20160,5
3,20190,5
3,20220,5
3,20250,5
3,20280,5
3,20310,5
3,20340,5
3,20370,5
3,20400,5
3,20430,5
3,20460,5
3,20490,5
3,20520,5
3,20550,5
3,20580,5
3,20610,5
3,20670,5
3,20700,5
3,20760,5
3,20790,5
3,20820,5
3,20850,5
3,20880,0
3,20910,1
3,20940,1
3,20970,2
3,21030,1
3,21060,2
3,21120,0
3,21150,1
3,21180,1
3,21210,0
3,21240,2
3,21270,1
3,21330,2
3,21360,2
3,21390,2
3,21450,2
3,21480,2
3,21510,2
3,21540,2
3,21570,2
3,21600,2
3,21630,2
3,21660,2
3,21690,2
3,21720,2
3,21750,2
3,21780,2
3,21810,2
3,21840,2
3,21870,2
3,21900,2
3,21930,2
3,21960,3
3,21990,3
3,22020,3
3,22050,3
3,22080,3
3,22110,3
3,22140,3
3,22170,3
3,22200,3
3,22230,3
3,22260,3
3,22290,3
3,22320,3
3,22350,3
3,22380,3
3,22410,3
3,22440,3
3,22470,3
3,22500,3
3,22530,3
3,22560,3
3,22590,3
3,22620,3
3,22650,3
3,22680,3
3,22710,3
3,22740,3
3,22770,3
3,22800,3
3,22830,3
3,22860,3
3,22890,3
3,22920,3
3,22950,3
3,22980,3
3,23010,3
3,23040,3
3,23070,3
3,23100,3
3,23130,3
3,23160,3
3,23190,3
3,23220,3
3,23250,3
3,23280,3
3,23310,3
3,23340,3
3,23370,3
3,23400,3
3,23430,3
3,23460,3
3,23490,3
3,23520,3
3,23550,3
3,23580,3
3,23610,3
3,23640,3
3,23670,3
3,23700,3
3,23730,3
3,23760,3
3,23790,3
3,23820,3
3,23850,3
3,23880,3
3,23910,3
3,23940,3
3,23970,3
3,24000,3
3,24030,3
3,24060,3
3,24090,3
3,24120,3
3,24150,3
3,24180,3
3,24210,3
3,24240,3
3,24270,3
3,24300,3
3,24330,3
3,24360,3
3,24390,0
3,24420,1
3,24450,2
3,24480,0
3,24510,0
3,24540,0
3,24570,0
3,24600,0
3,24630,0
3,24660,0
3,24690,0
4,0,0
4,30,0
4,60,0
4,90,0
4,120,0
4,150,0
4,180,0
4,210,0
4,240,0
4,270,0
4,300,0
4,330,0
4,360,0
4,390,0
4,420,0
4,450,0
4,480,0
4,510,0
4,540,0
4,570,0
4,600,0
4,630,0
4,690,0
4,720,0
4,750,0
4,780,0
4,840,1
4,870,1
4,900,0
4,930,0
4,960,0
4,990,0
4,1050,0
4,1080,0
4,1110,0
4,1140,0
4,1170,0
4,1200,0
4,1230,1
4,1260,1
4,1320,1
4,1380,2
4,1410,2
4,1440,2
4,1470,2
4,1500,2
4,1530,2
4,1560,2
4,1590,0
4,1620,0
4,1650,0
4,1680,0
4,1740,1
4,1770,2
4,1800,2
4,1830,2
4,1860,2
4,1890,2
4,1920,2
4,1950,2
4,2010,1
4,2220,3
4,2250,3
4,2280,3
4,2310,3
4,2340,3
4,2370,3
4,2400,3
4,2430,3
4,2460,3
4,2490,3
4,2520,3
4,2550,3
4,2580,3
4,2610,3
4,2640,3
4,2670,3
4,2730,3
4,2760,3
4,2790,3
4,2820,3
4,2850,3
4,2880,3
4,2910,3
4,2940,3
4,2970,0
4,3000,0
4,3030,1
4,3060,1
4,3090,1
4,3120,1
4,3150,2
4,3180,2
4,3210,2
4,3240,2
4,3270,2
4,3300,3
4,3330,3
4,3360,3
4,3390,3
4,3420,3
4,3450,3
4,3480,3
4,3510,3
4,3540,3
4,3570,3
4,3600,3
4,3630,3
4,3660,3
4,3690,3
4,3720,3
4,3750,3
4,3780,3
4,3810,3
4,3840,3
4,3870,3
4,3900,3
4,3930,3
4,3960,3
4,3990,3
4,4020,3
4,4050,3
4,4080,3
4,4110,3
4,4140,3
4,4170,3
4,4200,3
4,4230,3
4,4260,2
4,4290,2
4,4320,1
4,4350,2
4,4410,2
4,4440,2
4,4470,2
4,4500,2
4,4800,3
4,4830,3
4,4860,3
4,4890,3
4,4920,3
4,4950,3
4,4980,3
4,5010,3
4,5040,3
4,5070,3
4,5100,3
4,5130,3
4,5160,3
4,5190,3
4,5220,2
4,5250,2
4,5370,5
4,5490,5
4,5520,5
4,5550,5
4,5610,5
4,5640,5
4,5670,0
4,5700,1
4,5730,2
4,5760,2
4,5790,2
4,5820,2
4,5850,0
4,5880,0
4,5910,0
4,5940,1
4,5970,1
4,6000,1
4,6060,2
4,6090,2
4,6120,2
4,6150,2
4,6180,2
4,6210,2
4,6240,2
4,6270,2
4,6300,2
4,6330,2
4,6360,2
4,6390,2
4,6420,2
4,6450,2
4,6480,2
4,6510,2
4,6540,2
4,6570,2
4,6600,2
4,6630,2
4,6660,2
4,6690,2
4,6720,2
4,6750,2
4,6780,2
4,6810,3
4,6840,3
4,6870,3
4,6900,3
4,6930,3
4,6960,3
4,6990,3
4,7020,3
4,7050,3
4,7080,3
4,7110,3
4,7140,3
4,7170,3
4,7200,3
4,7230,3
4,7260,3
4,7290,3
4,7320,3
4,7350,3
4,7380,3
4,7410,3
4,7440,3
4,7470,3
4,7500,3
4,7530,3
4,7560,3
4,7590,3
4,7620,3
4,7650,3
4,7680,3
4,7710,3
4,7740,3
4,7770,3
4,7800,3
4,7830,3
4,7980,1
4,8010,1
4,8040,1
4,8100,2
4,8160,2
4,8190,2
4,8220,2
4,8250,2
4,8280,2
4,8430,3
4,8460,3
4,8490,3
4,8520,3
4,8550,3
4,8580,3
4,8610,3
4,8640,3
4,8670,3
4,8700,3
4,8730,3
4,8760,3
4,8820,3
4,8880,5
4,8910,5
4,8940,5
4,8970,5
4,9000,5
4,9060,5
4,9090,5
4,9120,5
4,9150,5
4,9180,5
4,9210,0
4,9300,1
4,9360,2
4,9390,5
4,9450,5
4,9480,5
4,9510,5
4,9540,5
4,9570,5
4,9630,5
4,9660,5
4,9690,5
4,9720,5
4,9750,5
4,9780,5
4,9810,5
4,9870,5
4,9900,5
4,9930,5
4,9960,5
4,9990,5
4,10020,5
4,10050,5
4,10080,5
4,10110,5
4,10140,5
4,10170,5
4,10200,5
4,10230,5
4,10260,5
4,10290,0
4,10320,0
4,10350,1
4,10380,0
4,10410,1
4,10530,2
4,10590,2
4,10620,2
4,10650,1
4,10680,2
4,10710,2
4,10740,2
4,10770,2
4,10800,2
4,10830,2
4,10860,1
4,10890,2
4,10920,2
4,10950,2
4,11010,2
4,11040,2
4,11070,2
4,11100,2
4,11130,2
4,11160,2
4,11190,2
4,11220,2
4,11250,2
4,11280,2
4,11340,2
4,11370,2
4,11400,0
4,11430,0
4,11490,1
4,11520,1
4,11580,1
4,11640,2
4,11670,2
4,11730,2
4,11790,2
4,11820,1
4,11850,2
4,11880,1
4,11910,1
4,11940,2
4,11970,2
4,12000,2
4,12030,2
4,12060,2
4,12090,2
4,12120,2
4,12150,2
4,12180,2
4,12210,2
4,12240,2
4,12270,2
4,12300,2
4,12330,2
4,12360,2
4,12390,2
4,12420,2
4,12450,2
4,12480,2
4,12510,2
4,12540,2
4,12570,2
4,12630,2
4,12690,3
4,12720,3
4,12750,3
4,12780,3
4,12810,3
4,12840,3
4,12870,3
4,12900,3
4,12930,0
4,12960,0
4,12990,0
4,13020,1
4,13050,1
4,13080,0
4,13140,1
4,13260,2
4,13290,2
4,13320,1
4,13380,2
4,13440,2
4,13470,2
4,13500,2
4,13530,2
4,13560,2
4,13590,2
4,13620,2
4,13650,2
4,13680,2
4,13710,2
4,13740,2
4,14010,3
4,14040,3
4,14070,3
4,14100,3
4,14130,3
4,14160,3
4,14190,3
4,14220,2
4,14310,3
4,14340,3
4,14370,3
4,14400,3
4,14430,1
4,14490,3
4,14520,3
4,14610,5
4,14640,5
4,14730,1
4,14760,1
4,14790,1
4,14820,5
4,14850,5
4,14880,5
4,14910,5
4,14940,5
4,14970,5
4,15000,5
4,15030,5
4,15060,0
4,15090,1
4,15120,1
4,15150,1
4,15210,5
4,15240,5
4,15360,5
4,15390,5
4,15420,5
4,15450,5
4,15480,5
4,15510,1
4,15540,1
4,15630,5
4,15660,5
4,15690,5
4,15750,1
4,15810,1
4,15840,1
4,15870,1
4,15900,1
4,15930,5
4,15960,5
4,16200,5
4,16230,5
4,16260,5
4,16320,5
4,16560,0
4,16650,0
4,16680,0
4,16710,0
4,16740,0
4,16770,0
4,16800,0
4,16830,0
4,16860,0
4,16890,0
4,16920,0
4,16950,1
4,17010,1
4,17040,1
4,17070,1
4,17130,2
4,17160,2
4,17190,2
4,17220,2
4,17280,2
4,17310,2
4,17340,2
4,17400,2
4,17430,2
4,17460,2
4,17490,1
4,17550,2
4,17580,1
4,17610,1
4,17640,0
4,17700,1
4,17730,1
4,17760,1
4,17820,2
4,17850,2
4,17880,1
4,17910,1
4,17940,1
4,17970,2
4,18000,2
4,18060,2
4,18090,1
4,18120,2
4,18150,2
4,18180,2
4,18210,1
4,18240,1
4,18300,2
4,18330,2
4,18360,2
4,18420,2
4,18480,2
4,18540,2
4,18570,2
4,18600,2
4,18630,2
4,18660,2
4,18810,1
4,18870,1
4,18900,1
4,18930,2
4,18960,2
4,19020,2
4,19110,1
4,19140,2
4,19170,2
4,19200,2
4,19230,2
4,19290,2
4,19380,2
4,19530,2
4,19590,2
4,19620,1
4,19680,1
4,19710,2
4,19740,2
4,19770,2
4,19800,1
4,19830,1
4,19860,2
4,19920,0
4,20010,1
4,20040,0
4,20070,0
4,20130,0
4,20190,0
4,20220,1
4,20250,1
4,20280,1
4,20310,1
4,20340,2
4,20370,1
4,20400,1
4,20460,2
4,20490,2
4,20520,2
4,20550,1
4,20580,1
4,20670,5
4,20700,5
4,20730,5
4,20760,5
4,20790,5
4,20820,5
4,20850,5
4,21000,5
4,21030,5
4,21060,5
4,21090,5
4,21120,5
4,21150,5
4,21180,5
4,21210,5
4,21240,5
4,21270,0
4,21300,0
4,21420,0
4,21450,0
4,21480,0
4,21510,0
4,21540,0
4,21570,0
4,21600,0
4,21630,0
4,21660,0
4,21690,0
4,21720,0
4,21750,0
4,21780,0
4,21810,0
4,21840,0
4,21870,0
4,21960,0
4,21990,0
4,22020,0
4,22050,0
4,22080,0
4,22110,0
4,22140,0
4,22170,0
4,22200,0
4,22230,0
4,22260,0
4,22290,0
4,22320,0
4,22350,0
4,22380,0
4,22410,0
4,22440,0
4,22470,0
4,22500,0
4,22530,0
4,22560,0
4,22590,0
4,22620,0
4,22650,0
4,22680,0
4,22710,0
4,22740,0
4,22770,0
4,22800,0
4,22830,0
4,22860,0
4,22890,0
4,22920,0
4,22950,0
4,22980,0
4,23010,0
4,23040,0
4,23070,0
4,23100,0
4,23130,0
4,23160,0
4,23190,0
4,23220,0
4,23250,0
4,23280,0
4,23310,0
4,23340,0
4,23370,0
4,23400,0
4,23430,0
4,23460,0
4,23490,0
4,23520,0
4,23550,0
4,23580,0
4,23610,0
4,23640,0
4,23670,0
4,23700,0
4,23730,0
4,23760,0
4,23790,0
5,0,0
5,30,0
5,60,0
5,90,0
5,120,0
5,150,0
5,180,0
5,210,0
5,240,0
5,270,0
5,300,0
5,330,0
5,360,0
5,390,0
5,420,0
5,450,0
5,480,0
5,510,0
5,540,0
5,570,0
5,600,0
5,630,0
5,660,0
5,690,0
5,720,0
5,750,0
5,780,0
5,810,0
5,840,0
5,870,0
5,900,0
5,930,0
5,960,0
5,990,0
5,1020,0
5,1050,0
5,1080,0
5,1110,0
5,1140,0
5,1170,0
5,1230,0
5,1260,0
5,1290,0
5,1320,0
5,1380,1
5,1410,1
5,1440,1
5,1470,0
5,1500,0
5,1530,0
5,1560,0
5,1590,0
5,1620,0
5,1650,0
5,1680,0
5,1710,0
5,1740,0
5,1770,0
5,1800,0
5,1830,0
5,1860,0
5,1890,0
5,1920,0
5,1950,0
5,2010,1
5,2130,0
5,2160,0
5,2190,0
5,2220,0
5,2250,0
5,2280,0
5,2310,0
5,2340,0
5,2370,0
5,2400,0
5,2430,0
5,2460,0
5,2490,0
5,2520,0
5,2550,0
5,2580,1
5,2640,2
5,2670,2
5,2700,2
5,2730,2
5,2760,2
5,2790,2
5,2820,2
5,2850,2
5,2880,2
5,2910,2
5,2940,2
5,2970,2
5,3000,2
5,3030,0
5,3060,0
5,3120,1
5,3180,2
5,3210,2
5,3240,2
5,3270,2
5,3300,2
5,3330,2
5,3360,2
5,3390,2
5,3420,2
5,3450,3
5,3780,3
5,3810,3
5,3840,3
5,3870,3
5,3900,3
5,3930,3
5,3960,3
5,3990,3
5,4020,3
5,4050,3
5,4080,3
5,4110,3
5,4140,3
5,4170,0
5,4200,0
5,4230,0
5,4260,1
5,4290,0
5,4320,1
5,4380,2
5,4410,2
5,4440,2
5,4500,0
5,4590,0
5,4620,1
5,4710,0
5,4740,0
5,4770,0
5,4800,0
5,4830,0
5,4860,0
5,4890,0
5,4920,0
5,4950,0
5,4980,1
5,5010,2
5,5040,2
5,5070,2
5,5100,2
5,5160,1
5,5190,0
5,5220,0
5,5250,0
5,5280,0
5,5310,0
5,5340,0
5,5370,0
5,5400,0
5,5430,0
5,5460,0
5,5490,0
5,5520,0
5,5550,0
5,5580,0
5,5610,0
5,5640,0
5,5670,0
5,5730,2
5,5760,0
5,5790,0
5,5820,0
5,5850,0
5,5880,0
5,5910,0
5,6000,2
5,6030,2
5,6060,2
5,6090,2
5,6120,2
5,6150,2
5,6180,2
5,6210,0
5,6270,0
5,6300,0
5,6330,0
5,6360,0
5,6420,0
5,6480,2
5,6510,2
5,6540,2
5,6570,2
5,6600,2
5,6630,2
5,6660,2
5,6690,2
5,6720,2
5,6810,3
5,6870,3
5,6930,3
5,6960,3
5,6990,3
5,7020,3
5,7050,2
5,7080,2
5,7140,3
5,7170,3
5,7200,3
5,7230,3
5,7260,3
5,7290,3
5,7320,3
5,7350,3
5,7380,3
5,7410,3
5,7440,3
5,7470,3
5,7500,3
5,7530,3
5,7560,3
5,7590,3
5,7620,3
5,7650,3
5,7680,3
5,7710,3
5,7740,3
5,7770,3
5,7800,3
5,7830,3
5,7860,3
5,7890,3
5,7920,3
5,7950,3
5,7980,3
5,8010,3
5,8040,3
5,8070,3
5,8100,3
5,8130,3
5,8160,3
5,8190,3
5,8220,3
5,8250,3
5,8280,3
5,8310,3
5,8340,3
5,8370,3
5,8400,3
5,8430,3
5,8460,3
5,8490,3
5,8520,3
5,8550,3
5,8580,3
5,8610,3
5,8640,3
5,8670,3
5,8700,3
5,8760,0
5,8820,2
5,8850,2
5,8880,2
5,8910,2
5,9150,2
5,9180,2
5,9240,2
5,9360,0
5,9390,2
5,9450,2
5,9510,2
5,9540,2
5,9570,2
5,9690,2
5,9720,2
5,9870,3
5,9900,3
5,9930,0
5,9960,0
5,9990,0
5,10020,0
5,10050,0
5,10080,0
5,10170,0
5,10200,1
5,10230,1
5,10260,0
5,10290,0
5,10320,0
5,10350,1
5,10380,0
5,10410,0
5,10440,0
5,10500,2
5,10530,2
5,10560,1
5,10590,2
5,10620,2
5,10650,2
5,10680,2
5,10710,2
5,10740,2
5,10770,2
5,10800,2
5,10830,2
5,10860,2
5,10950,5
5,11010,5
5,11040,5
5,11070,5
5,11100,5
5,11130,5
5,11160,5
5,11190,5
5,11220,5
5,11250,5
5,11280,5
5,11310,5
5,11340,5
5,11370,5
5,11430,5
5,11460,5
5,11490,5
5,11580,1
5,11610,1
5,11670,5
5,11700,0
5,11730,0
5,11760,1
5,11790,2
5,11850,2
5,11910,2
5,11940,2
5,11970,2
5,12000,2
5,12030,2
5,12060,2
5,12090,2
5,12120,2
5,12150,2
5,12180,2
5,12210,2
5,12240,2
5,12270,2
5,12300,2
5,12330,2
5,12360,2
5,12390,2
5,12420,2
5,12450,2
5,12480,2
5,12510,2
5,12540,2
5,12570,2
5,12600,2
5,12630,2
5,12660,2
5,12690,2
5,12720,2
5,12750,2
5,12870,3
5,12900,3
5,12930,3
5,12960,3
5,12990,3
5,13050,3
5,13080,3
5,13110,3
5,13140,3
5,13170,3
5,13200,3
5,13230,3
5,13260,3
5,13290,3
5,13320,3
5,13350,3
5,13380,3
5,13410,3
5,13440,3
5,13470,3
5,13500,3
5,13530,3
5,13560,3
5,13590,3
5,13620,3
5,13650,3
5,13680,3
5,13710,3
5,13740,3
5,13770,3
5,13800,3
5,13830,3
5,13860,3
5,13890,3
5,13920,3
5,13950,3
5,13980,3
5,14010,3
5,14040,3
5,14070,3
5,14100,3
5,14130,3
5,14160,3
5,14190,3
5,14220,3
5,14250,3
5,14280,3
5,14310,3
5,14340,3
5,14370,3
5,14400,3
5,14430,3
5,14460,3
5,14490,3
5,14520,3
5,14550,3
5,14580,3
5,14610,3
5,14640,3
5,14670,3
5,14700,3
5,14730,3
5,14760,3
5,14790,3
5,14820,3
5,14850,3
5,14880,3
5,14910,3
5,14940,3
5,15030,2
5,15060,0
5,15090,0
5,15120,0
5,15150,0
5,15180,0
5,15210,0
5,15240,0
5,15270,0
5,15300,0
5,15330,0
5,15360,0
5,15390,0
5,15420,0
5,15570,2
5,15600,2
5,15630,0
5,15690,1
5,15720,2
5,15780,2
5,15810,0
5,15840,0
5,15870,0
5,15900,0
5,15930,0
5,15960,0
5,15990,0
5,16020,0
5,16050,0
5,16080,0
5,16110,0
5,16140,0
5,16170,0
5,16200,0
5,16230,0
5,16260,0
5,16290,0
5,16320,0
5,16350,0
5,16380,0
5,16410,0
5,16440,0
5,16470,0
5,16500,0
5,16530,0
5,16560,0
5,16590,0
5,16620,0
5,16650,0
5,16680,0
5,16710,0
5,16740,0
5,16770,0
5,16800,0
5,16830,0
5,16860,0
5,16890,0
5,16920,0
5,16950,0
5,16980,0
5,17010,0
5,17040,0
5,17070,0
5,17100,0
5,17130,0
5,17160,0
5,17190,0
5,17220,1
5,17250,0
5,17280,1
5,17310,0
5,17340,0
5,17370,0
5,17400,0
5,17430,0
5,17460,0
5,17490,0
5,17520,0
5,17550,0
5,17580,0
5,17610,0
5,17640,0
5,17670,0
5,17700,0
5,17730,0
5,17760,0
5,17790,0
5,17820,0
5,17850,0
5,17880,0
5,17910,1
5,17940,1
5,18000,2
5,18030,2
5,18060,2
5,18090,2
5,18120,2
5,18150,2
5,18180,2
5,18210,2
5,18240,2
5,18270,2
5,18300,2
5,18330,2
5,18360,2
5,18390,2
5,18420,2
5,18450,1
5,18510,0
5,18540,1
5,18570,2
5,18630,2
5,18660,2
5,18720,2
5,18750,2
5,18780,2
5,18810,2
5,18840,2
5,18870,2
5,18900,2
5,18930,2
5,18960,2
5,18990,2
5,19020,2
5,19050,2
5,19080,2
5,19110,2
5,19140,2
5,19170,2
5,19200,2
5,19230,2
5,19260,2
5,19290,2
5,19320,2
5,19350,2
5,19380,2
5,19410,2
5,19440,2
5,19470,2
5,19500,2
5,19530,2
5,19560,2
5,19590,2
5,19620,2
5,19650,2
5,19680,2
5,19710,2
5,19740,2
5,19770,2
5,19830,2
5,19860,2
5,19890,2
5,19980,1
5,20010,1
5,20040,5
5,20160,5
5,20310,1
5,20340,1
5,20370,1
5,20400,5
5,20430,0
5,20460,0
5,20490,0
5,20520,0
5,20550,0
5,20580,0
5,20610,0
5,20640,0
5,20670,0
5,20700,0
5,20730,0
5,20760,0
5,20790,0
5,20820,0
5,20850,0
5,20880,0
5,20910,0
5,20940,0
5,20970,0
5,21000,0
5,21030,0
5,21060,0
5,21090,0
5,21120,0
5,21150,0
5,21180,0
5,21210,0
5,21240,0
5,21270,1
5,21360,2
5,21420,2
5,21450,2
5,21480,2
5,21510,2
5,21570,0
5,21630,1
5,21690,2
5,21720,2
5,21750,2
5,21780,2
5,21810,2
5,21840,2
5,21870,2
5,21900,2
5,21930,2
5,21960,2
5,21990,2
5,22020,2
5,22050,2
5,22080,2
5,22110,2
5,22140,2
5,22170,2
5,22200,2
5,22230,2
5,22260,2
5,22290,2
5,22320,2
5,22350,2
5,22380,2
5,22410,2
5,22440,2
5,22470,2
5,22500,2
5,22530,2
5,22560,2
5,22590,2
5,22620,2
5,22650,2
5,23160,2
5,23190,2
5,23220,5
5,23250,5
5,23280,5
5,23310,5
5,23340,5
5,23400,5
5,23430,5
5,23460,5
5,23490,5
5,23520,5
5,23550,5
5,23580,5
5,23610,5
5,23640,5
5,23670,5
5,23700,0
5,23760,1
5,23820,5
5,23850,5
5,23880,5
5,23910,5
5,23940,5
5,23970,5
5,24000,5
5,24030,5
5,24060,5
5,24090,5
5,24120,5
5,24150,5
5,24180,5
5,24210,5
5,24240,5
5,24270,5
5,24300,5
5,24330,5
5,24360,5
5,24390,5
5,24420,5
5,24450,5
5,24480,5
5,24540,5
5,24570,5
5,24600,0
5,24690,5
5,24720,5
5,24750,5
5,24810,5
5,24840,5
5,24930,5
5,24960,5
5,24990,5
5,25020,5
5,25050,5
5,25230,5
5,25260,5
5,25290,5
5,25320,5
5,25350,5
5,25380,5
5,25410,5
5,25440,0
5,25500,1
5,25530,1
5,25650,1
5,25680,2
5,25710,2
5,25740,2
5,25770,2
5,25800,2
5,25830,2
5,25860,1
5,25890,2
5,25920,2
5,25950,2
5,25980,2
5,26010,2
5,26040,2
5,26070,2
5,26130,2
5,26160,2
5,26190,2
5,26220,2
5,26250,2
5,26280,0
5,26340,2
5,26370,2
5,26400,0
5,26430,0
5,26460,0
5,26490,0
5,26520,0
5,26550,0
5,26580,0
5,26610,0
5,26640,0
5,26670,0
5,26730,1
5,26760,0
5,26790,0
5,26850,1
5,26880,1
5,26910,1
5,26970,1
5,27030,0
5,27060,0
5,27090,1
5,27150,0
5,27180,0
5,27210,0
5,27240,0
5,27270,0
5,27300,0
5,27390,2
5,27420,2
5,27480,2
5,27510,2
5,27540,2
5,27570,2
5,27600,2
5,27630,2
5,27660,2
5,27720,2
5,27750,2
5,27780,2
5,27810,2
5,27840,2
5,27870,2
5,27900,2
5,27960,2
5,27990,2
5,28020,2
5,28050,1
5,28110,2
5,28140,2
5,28170,2
5,28200,2
5,28230,2
5,28260,2
5,28290,0
6,0,0
6,30,0
6,60,0
6,90,0
6,120,0
6,150,0
6,180,0
6,210,1
6,270,0
6,300,0
6,330,1
6,360,2
6,390,2
6,420,2
6,450,2
6,480,2
6,510,2
6,540,2
6,570,2
6,600,2
6,630,2
6,690,0
6,780,2
6,810,2
6,840,2
6,870,1
6,930,0
6,960,0
6,990,1
6,1080,2
6,1110,2
6,1140,2
6,1170,2
6,1200,2
6,1230,2
6,1260,2
6,1440,3
6,1470,3
6,1500,3
6,1530,3
6,1560,3
6,1590,3
6,1620,3
6,1650,3
6,1680,3
6,1710,3
6,1740,3
6,1770,3
6,1800,3
6,1830,3
6,1860,3
6,1890,3
6,1920,3
6,1950,3
6,1980,3
6,2010,0
6,2040,0
6,2070,0
6,2100,1
6,2130,2
6,2160,2
6,2190,2
6,2220,2
6,2280,2
6,2310,2
6,2340,2
6,2370,2
6,2400,2
6,2430,2
6,2460,2
6,2490,2
6,2520,2
6,2610,3
6,2640,3
6,2670,3
6,2700,3
6,2730,3
6,2760,3
6,2790,3
6,2820,3
6,2850,3
6,2880,3
6,2910,3
6,2940,3
6,2970,3
6,3000,3
6,3030,3
6,3060,3
6,3090,3
6,3120,3
6,3150,3
6,3180,3
6,3210,3
6,3240,3
6,3270,3
6,3300,3
6,3330,3
6,3360,3
6,3390,3
6,3420,3
6,3450,3
6,3480,3
6,3510,3
6,3540,3
6,3570,3
6,3600,3
6,3630,3
6,3660,3
6,3690,3
6,3720,3
6,3750,3
6,3780,3
6,3810,3
6,3840,3
6,3870,3
6,3900,3
6,3930,3
6,3960,3
6,3990,3
6,4020,3
6,4050,3
6,4080,3
6,4110,3
6,4140,3
6,4170,3
6,4200,3
6,4230,3
6,4260,3
6,4290,3
6,4320,3
6,4350,3
6,4380,3
6,4410,3
6,4440,3
6,4470,3
6,4500,3
6,4530,3
6,4560,3
6,4590,3
6,4650,2
6,4740,2
6,4770,2
6,4800,2
6,4830,2
6,4860,2
6,4890,2
6,4920,2
6,4950,2
6,4980,2
6,5010,2
6,5100,2
6,5130,2
6,5160,2
6,5190,2
6,5220,2
6,5250,5
6,5280,5
6,5310,5
6,5340,5
6,5370,5
6,5400,5
6,5430,5
6,5460,5
6,5520,5
6,5550,5
6,5580,5
6,5610,5
6,5640,5
6,5670,5
6,5700,0
6,5730,0
6,5760,1
6,5820,2
6,5850,2
6,5880,2
6,5910,2
6,5940,2
6,5970,2
6,6000,2
6,6030,2
6,6060,2
6,6090,2
6,6120,2
6,6150,2
6,6180,2
6,6210,2
6,6240,2
6,6270,2
6,6300,2
6,6330,2
6,6360,2
6,6630,3
6,6660,3
6,6690,3
6,6720,3
6,6750,3
6,6780,3
6,6810,3
6,6840,3
6,6870,3
6,6900,3
6,6930,3
6,6960,3
6,6990,3
6,7020,2
6,7080,2
6,7110,2
6,7140,2
6,7170,2
6,7200,2
6,7230,2
6,7260,2
6,7290,2
6,7320,2
6,7380,2
6,7410,2
6,7440,2
6,7560,2
6,7590,2
6,7620,2
6,7650,2
6,7680,0
6,7740,2
6,7770,2
6,7830,2
6,7860,2
6,7890,2
6,7920,2
6,7950,1
6,7980,2
6,8010,2
6,8070,2
6,8100,0
6,8160,0
6,8190,0
6,8220,1
6,8250,2
6,8280,2
6,8310,2
6,8340,2
6,8370,2
6,8400,2
6,8430,2
6,8460,2
6,8490,2
6,8520,2
6,8550,2
6,8640,3
6,8670,3
6,8700,3
6,8730,3
6,8760,3
6,8850,3
6,8910,2
6,8940,2
6,8970,2
6,9000,2
6,9030,2
6,9060,2
6,9090,2
6,9120,2
6,9150,2
6,9210,3
6,9240,3
6,9270,3
6,9300,3
6,9330,3
6,9360,3
6,9390,3
6,9420,3
6,9450,3
6,9480,3
6,9510,3
6,9540,3
6,9570,3
6,9600,3
6,9840,2
6,9870,2
6,9900,3
6,9930,3
6,9960,3
6,9990,3
6,10020,3
6,10050,3
6,10080,3
6,10140,2
6,10200,3
6,10230,2
6,10260,2
6,10290,2
6,10320,2
6,10410,3
6,10440,3
6,10470,3
6,10500,3
6,10530,3
6,10560,3
6,10590,3
6,10620,3
6,10650,3
6,10680,3
6,10710,3
6,10740,3
6,10770,3
6,10800,3
6,10830,2
6,10860,2
6,10890,2
6,10920,2
6,10950,2
6,11040,2
6,11070,0
6,11100,0
6,11130,1
6,11160,2
6,11220,2
6,11250,2
6,11310,2
6,11340,0
6,11370,1
6,11400,2
6,11430,2
6,11460,1
6,11490,2
6,11520,2
6,11550,5
6,11850,5
6,11880,5
6,11910,5
6,11940,5
6,11970,5
6,12000,5
6,12030,5
6,12060,5
6,12090,5
6,12120,5
6,12150,5
6,12210,5
6,12240,5
6,12270,5
6,12330,0
6,12480,0
6,12600,2
6,12630,2
6,12690,0
6,12720,1
6,12870,2
6,12930,2
6,12960,0
6,12990,1
6,13020,1
6,13080,2
6,13110,1
6,13140,2
6,13170,2
6,13200,1
6,13230,2
6,13260,2
6,13290,2
6,13320,0
6,13350,1
6,13380,0
6,13410,1
6,13440,0
6,13470,0
6,13500,1
6,13530,0
6,13560,1
6,13590,0
6,13680,1
6,13710,0
6,13740,0
6,13770,0
6,13800,1
6,13860,2
6,13890,2
6,13920,2
6,13950,2
6,13980,2
6,14010,2
6,14040,2
6,14070,2
6,14100,2
6,14130,2
6,14160,2
6,14190,2
6,14220,2
6,14250,2
6,14280,2
6,14310,2
6,14340,2
6,14370,2
6,14400,2
6,14430,2
6,14460,2
6,14490,2
6,14520,2
6,14550,2
6,14850,3
6,14880,3
6,14910,3
6,14940,3
6,14970,2
6,15000,2
6,15030,2
6,15060,2
6,15090,2
6,15120,2
6,15150,2
6,15450,3
6,15480,3
6,15510,3
6,15540,3
6,15570,3
6,15600,3
6,15630,3
6,15660,3
6,15690,3
6,15720,3
6,15750,3
6,15780,3
6,15810,3
6,15840,3
6,15870,3
6,15900,3
6,15930,3
6,15960,3
6,15990,3
6,16020,3
6,16050,3
6,16080,3
6,16110,3
6,16140,3
6,16170,3
6,16200,3
6,16230,3
6,16260,3
6,16290,3
6,16320,3
6,16350,3
6,16380,3
6,16410,3
6,16440,3
6,16470,3
6,16500,3
6,16530,3
6,16560,3
6,16590,3
6,16620,3
6,16650,3
6,16680,3
6,16710,3
6,16740,3
6,16770,3
6,16800,3
6,16830,3
6,16860,3
6,16890,3
6,16920,3
6,16950,3
6,16980,3
6,17010,3
6,17040,3
6,17070,3
6,17100,3
6,17130,3
6,17160,3
6,17190,3
6,17220,3
6,17250,3
6,17280,3
6,17310,3
6,17340,3
6,17370,3
6,17400,3
6,17430,3
6,17460,3
6,17490,3
6,17520,2
6,17550,5
6,17580,5
6,17610,5
6,17640,5
6,17700,5
6,17730,5
6,17760,5
6,17790,5
6,17820,0
6,17850,1
6,17880,1
6,17910,1
6,17940,1
6,17970,1
6,18030,1
6,18090,1
6,18150,1
6,18180,1
6,18210,2
6,18240,1
6,18270,1
6,18300,1
6,18360,0
6,18390,2
6,18420,1
6,18450,1
6,18480,0
6,18510,1
6,18540,2
6,18570,2
6,18600,1
6,18630,1
6,18660,2
6,18690,1
6,18720,2
6,18750,2
6,18780,2
6,18810,2
6,18840,2
6,18870,2
6,18900,2
6,18960,2
6,18990,2
6,19020,2
6,19050,2
6,19080,0
6,19110,0
6,19140,0
6,19170,0
6,19200,1
6,19230,1
6,19260,0
6,19290,1
6,19320,2
6,19380,2
6,19410,2
6,19440,2
6,19470,2
6,19500,2
6,19530,2
6,19560,2
6,19590,2
6,19620,2
6,19650,2
6,19680,2
6,19830,2
6,19860,2
6,19890,2
6,19950,2
6,19980,2
6,20010,2
6,20040,2
6,20070,2
6,20100,2
6,20130,2
6,20160,2
6,20190,2
6,20220,2
6,20280,2
6,20310,2
6,20370,2
6,20400,2
6,20430,2
6,20460,2
6,20490,2
6,20550,5
6,20580,5
6,20610,5
6,20640,5
6,20670,5
6,20700,5
6,20730,5
6,20760,5
6,20790,5
6,20820,5
6,20850,5
6,20910,0
6,20940,1
6,20970,1
6,21090,5
6,21120,5
6,21150,5
6,21210,5
6,21450,2
6,21480,2
6,21570,1
6,21690,5
6,21750,5
6,21780,5
6,21810,5
6,21840,5
6,21870,5
6,21900,5
6,21930,5
6,21960,5
6,22080,5
6,22110,5
6,22140,5
6,22170,5
6,22200,5
6,22230,5
6,22260,5
6,22290,5
6,22320,5
6,22350,5
6,22380,5
6,22410,5
6,22440,5
6,22470,5
6,22500,5
6,22530,5
6,22560,5
6,22620,5
6,22650,5
6,22710,1
6,22740,1
6,22770,1
6,22830,5
6,22890,5
6,22920,5
6,22950,5
6,22980,5
6,23130,5
6,23280,5
6,23310,5
6,23340,5
6,23490,5
6,23520,5
6,23550,5
6,23580,5
6,23700,2
6,23730,2
6,23760,2
6,23790,2
6,23820,2
6,23850,2
6,23880,2
6,23910,2
6,23940,2
6,23970,2
6,24000,2
6,24030,2
6,24060,2
6,24090,2
6,24120,2
6,24150,2
6,24180,2
6,24210,2
6,24240,2
6,24270,0
6,24300,0
6,24360,1
6,24420,2
6,24450,2
6,24510,2
6,24540,2
6,24570,2
6,24600,2
6,24630,1
6,24660,2
6,24690,2
6,24720,2
6,24780,2
6,24810,2
6,24840,2
6,24900,0
6,24930,0
6,24960,0
6,24990,0
6,25020,1
6,25110,0
6,25140,0
6,25170,0
6,25200,1
6,25230,0
6,25260,0
6,25290,0
6,25320,0
6,25350,0
6,25380,0
6,25410,0
6,25440,0
6,25470,0
6,25500,0
6,25530,0
6,25560,0
7,0,0
7,30,0
7,60,0
7,90,0
7,120,0
7,150,0
7,180,0
7,210,0
7,240,0
7,270,0
7,300,0
7,330,0
7,360,0
7,390,0
7,420,0
7,450,0
7,480,0
7,510,0
7,540,0
7,570,0
7,600,0
7,630,0
7,660,0
7,690,0
7,720,0
7,750,0
7,780,0
7,810,0
7,840,0
7,870,0
7,900,0
7,930,0
7,960,0
7,990,0
7,1020,0
7,1050,0
7,1080,0
7,1110,0
7,1140,0
7,1170,0
7,1230,0
7,1260,0
7,1290,0
7,1320,0
7,1350,0
7,1380,0
7,1410,0
7,1470,0
7,1500,0
7,1560,0
7,1620,0
7,1740,0
7,1770,0
7,1800,0
7,1830,0
7,1860,0
7,1890,0
7,1920,0
7,1950,0
7,1980,0
7,2010,0
7,2040,0
7,2070,0
7,2100,0
7,2130,0
7,2160,0
7,2190,1
7,2220,0
7,2250,0
7,2310,0
7,2340,0
7,2370,0
7,2400,0
7,2430,0
7,2460,0
7,2490,0
7,2550,0
7,2580,0
7,2610,0
7,2640,0
7,2670,0
7,2700,0
7,2730,0
7,2790,0
7,2820,2
7,2850,2
7,2880,2
7,2910,2
7,2940,2
7,2970,0
7,3030,2
7,3060,2
7,3090,2
7,3150,2
7,3180,2
7,3210,2
7,3270,2
7,3300,2
7,3330,0
7,3360,0
7,3390,0
7,3420,0
7,3450,0
7,3480,0
7,3510,0
7,3540,0
7,3570,0
7,3600,0
7,3630,0
7,3690,0
7,3720,0
7,3750,0
7,3780,0
7,3810,0
7,3870,0
7,3900,0
7,3930,0
7,3960,0
7,4050,0
7,4080,0
7,4110,0
7,4200,0
7,4230,0
7,4260,0
7,4290,0
7,4320,0
7,4350,0
7,4380,0
7,4410,0
7,4440,0
7,4470,0
7,4500,0
7,4530,0
7,4560,0
7,4590,0
7,4620,0
7,4680,2
7,4710,0
7,4740,0
7,4770,0
7,4800,0
7,4890,2
7,4950,0
7,4980,0
7,5010,2
7,5100,0
7,5190,2
7,5220,2
7,5250,0
7,5280,0
7,5310,0
7,5400,2
7,5430,2
7,5460,2
7,5490,2
7,5520,2
7,5790,2
7,5820,2
7,5850,2
7,5880,2
7,6030,3
7,6060,3
7,6090,3
7,6120,3
7,6150,3
7,6180,3
7,6210,3
7,6240,3
7,6270,3
7,6300,3
7,6330,3
7,6360,3
7,6390,3
7,6420,3
7,6450,3
7,6480,3
7,6510,3
7,6540,3
7,6570,0
7,6600,0
7,6630,0
7,6660,0
7,6690,0
7,6720,0
7,6750,0
7,6780,0
7,6810,0
7,6870,0
7,6900,0
7,6930,0
7,6960,0
7,6990,0
7,7020,0
7,7110,0
7,7140,0
7,7170,0
7,7260,2
7,7290,0
7,7440,0
7,7470,0
7,7500,0
7,7590,2
7,7620,2
7,7650,0
7,7680,0
7,7710,0
7,7740,0
7,7770,1
7,7800,0
7,7860,0
7,8100,2
7,8130,2
7,8160,2
7,8190,2
7,8220,2
7,8250,2
7,8280,2
7,8340,2
7,8400,2
7,8430,3
7,8460,3
7,8520,3
7,8550,3
7,8580,3
7,8610,3
7,8640,3
7,8670,3
7,8700,3
7,8730,3
7,8760,3
7,8790,3
7,8820,3
7,8850,3
7,8880,3
7,8910,3
7,8940,3
7,8970,3
7,9000,3
7,9030,3
7,9060,3
7,9090,3
7,9120,3
7,9150,3
7,9180,3
7,9210,3
7,9240,3
7,9270,3
7,9300,3
7,9330,3
7,9360,3
7,9390,3
7,9420,3
7,9450,3
7,9480,3
7,9510,3
7,9540,3
7,9570,3
7,9600,3
7,9630,3
7,9660,3
7,9690,3
7,9720,3
7,9750,3
7,9780,3
7,9810,3
7,9840,3
7,9870,3
7,9900,3
7,9930,3
7,9960,3
7,9990,3
7,10020,3
7,10050,3
7,10080,3
7,10110,0
7,10140,0
7,10170,2
7,10200,2
7,10260,2
7,10290,2
7,10320,2
7,10350,2
7,10380,2
7,10410,2
7,10440,2
7,10470,2
7,10500,2
7,10530,2
7,10590,2
7,10710,2
7,10740,2
7,10770,2
7,10830,2
7,10860,2
7,10920,2
7,10950,2
7,10980,2
7,11160,5
7,11190,5
7,11220,5
7,11250,5
7,11280,0
7,11310,0
7,11340,0
7,11370,0
7,11400,0
7,11430,0
7,11550,2
7,11580,2
7,11610,2
7,11640,2
7,11670,0
7,11700,0
7,11820,0
7,11850,1
7,11880,2
7,11910,2
7,11940,2
7,11970,2
7,12000,2
7,12030,2
7,12060,2
7,12090,2
7,12150,3
7,12180,3
7,12210,3
7,12240,3
7,12270,3
7,12300,3
7,12330,3
7,12360,3
7,12390,3
7,12420,3
7,12450,3
7,12480,3
7,12510,3
7,12540,3
7,12570,3
7,12600,3
7,12630,3
7,12660,3
7,12690,3
7,12720,3
7,12750,3
7,12780,3
7,12810,3
7,12840,3
7,12870,3
7,12900,3
7,12930,3
7,12960,3
7,12990,3
7,13020,3
7,13050,3
7,13080,3
7,13110,3
7,13140,3
7,13170,3
7,13200,3
7,13230,3
7,13260,3
7,13290,3
7,13320,0
7,13350,3
7,13380,3
7,13410,3
7,13440,2
7,13470,2
7,13500,2
7,13530,2
7,13650,2
7,13680,2
7,13710,3
7,13740,3
7,13770,3
7,13800,3
7,13830,3
7,13860,3
7,13890,3
7,13920,3
7,13950,3
7,13980,3
7,14010,3
7,14040,3
7,14070,3
7,14100,3
7,14130,3
7,14160,3
7,14190,3
7,14220,3
7,14250,3
7,14280,3
7,14310,3
7,14370,3
7,14400,3
7,14460,2
7,14580,2
7,14610,2
7,14640,2
7,14670,2
7,14730,2
7,14790,2
7,14850,5
7,14880,5
7,14910,5
7,14940,5
7,15000,5
7,15030,5
7,15060,5
7,15090,5
7,15120,5
7,15180,5
7,15210,5
7,15240,5
7,15270,5
7,15300,5
7,15330,5
7,15390,0
7,15420,0
7,15450,1
7,15570,1
7,15600,0
7,15630,0
7,15660,0
7,15690,0
7,15720,0
7,15810,2
7,15840,2
7,15870,2
7,15900,2
7,15930,2
7,15960,2
7,15990,2
7,16020,2
7,16050,2
7,16110,5
7,16140,5
7,16170,5
7,16200,5
7,16230,5
7,16260,5
7,16290,5
7,16320,5
7,16350,5
7,16380,5
7,16410,5
7,16440,5
7,16470,5
7,16500,5
7,16530,5
7,16560,5
7,16590,5
7,16620,5
7,16650,5
7,16680,5
7,16710,5
7,16740,5
7,16770,5
7,16800,5
7,16830,5
7,16860,5
7,16890,5
7,16920,5
7,16950,5
7,16980,5
7,17010,5
7,17040,5
7,17070,5
7,17100,5
7,17130,5
7,17160,5
7,17190,5
7,17220,5
7,17250,5
7,17280,5
7,17310,5
7,17340,5
7,17370,5
7,17400,5
7,17430,5
7,17460,5
7,17490,5
7,17550,5
7,17580,5
7,17610,5
7,17640,5
7,17670,5
7,17700,5
7,17760,1
7,17790,1
7,17820,2
7,17850,2
7,17880,2
7,17910,2
7,17940,2
7,17970,2
7,18000,2
7,18030,2
7,18360,3
7,18390,3
7,18420,3
7,18450,3
7,18480,3
7,18510,3
7,18540,3
7,18570,3
7,18600,3
7,18630,3
7,18660,3
7,18690,3
7,18720,3
7,18750,3
7,18780,3
7,18810,3
7,18840,3
7,18870,3
7,18900,3
7,18930,3
7,18960,3
7,18990,3
7,19020,3
7,19050,3
7,19080,3
7,19110,3
7,19140,3
7,19170,3
7,19200,3
7,19230,3
7,19260,3
7,19290,3
7,19320,3
7,19350,3
7,19380,3
7,19410,3
7,19440,3
7,19470,3
7,19500,3
7,19530,3
7,19560,3
7,19590,3
7,19620,3
7,19650,3
7,19680,3
7,19710,3
7,19740,3
7,19770,3
7,19800,3
7,19830,3
7,19860,3
7,19890,3
7,19920,3
7,19950,3
7,19980,3
7,20010,3
7,20040,3
7,20070,3
7,20100,3
7,20130,3
7,20160,3
7,20190,3
7,20220,3
7,20250,0
7,20310,2
7,20340,2
7,20370,2
7,20400,2
7,20430,2
7,20460,0
7,20520,0
7,20550,2
7,20580,2
7,20610,2
7,20640,2
7,20670,2
7,20700,2
7,20730,2
7,20760,2
7,20790,2
7,20820,2
7,20850,2
7,20880,2
7,20910,2
7,20940,2
7,20970,2
7,21000,2
7,21030,2
7,21060,2
7,21090,2
7,21120,2
7,21150,2
7,21180,2
7,21210,2
7,21240,2
7,21270,2
7,21300,2
7,21330,2
7,21360,2
7,21450,3
7,21480,3
7,21510,3
7,21540,3
7,21570,3
7,21600,3
7,21630,3
7,21660,3
7,21690,3
7,21720,3
7,21750,3
7,21780,3
7,21810,0
7,21840,2
7,21870,2
7,21930,2
7,21960,2
7,21990,2
7,22020,2
7,22050,2
7,22260,3
7,22290,3
7,22320,3
7,22350,3
7,22380,3
7,22410,3
7,22440,3
7,22470,3
7,22500,3
7,22530,3
7,22590,2
7,22890,5
7,22920,5
7,22950,5
7,22980,5
7,23010,5
7,23040,5
7,23070,5
7,23100,5
7,23130,5
7,23280,5
7,23310,5
7,23340,5
7,23460,5
7,23490,5
7,23520,5
7,23550,5
7,23640,0
7,23730,2
7,23760,2
7,23790,2
7,23820,2
7,23850,2
7,23880,2
7,23970,0
7,24000,0
7,24030,0
7,24060,0
7,24090,0
7,24120,0
7,24150,0
7,24180,0
7,24210,0
7,24240,0
7,24270,0
7,24300,0
7,24330,0
7,24360,0
7,24390,0
8,0,0
8,30,0
8,60,0
8,90,0
8,120,0
8,150,0
8,180,0
8,210,0
8,240,0
8,270,0
8,300,0
8,330,0
8,360,0
8,390,0
8,420,0
8,450,0
8,480,0
8,510,0
8,540,0
8,570,0
8,600,0
8,630,0
8,660,0
8,690,0
8,720,0
8,750,0
8,780,0
8,810,0
8,840,0
8,870,0
8,900,0
8,930,0
8,960,0
8,990,0
8,1020,0
8,1050,0
8,1080,0
8,1110,0
8,1140,0
8,1170,0
8,1200,0
8,1230,0
8,1260,1
8,1290,0
8,1320,0
8,1350,0
8,1380,0
8,1410,0
8,1440,1
8,1470,1
8,1500,0
8,1530,1
8,1560,1
8,1590,1
8,1620,1
8,1650,1
8,1680,1
8,1710,0
8,1740,0
8,1770,0
8,1800,0
8,1830,0
8,1860,0
8,1890,0
8,1920,0
8,1950,0
8,1980,0
8,2010,0
8,2040,0
8,2070,0
8,2100,0
8,2130,0
8,2160,0
8,2190,0
8,2220,0
8,2250,0
8,2280,0
8,2310,0
8,2340,0
8,2370,0
8,2400,0
8,2430,0
8,2460,0
8,2490,0
8,2520,0
8,2550,0
8,2580,0
8,2610,0
8,2640,0
8,2670,0
8,2700,0
8,2730,0
8,2760,0
8,2790,0
8,2820,0
8,2850,0
8,2880,0
8,2910,0
8,2940,0
8,2970,0
8,3000,0
8,3030,0
8,3060,0
8,3090,0
8,3120,0
8,3150,0
8,3180,0
8,3210,0
8,3240,0
8,3270,0
8,3300,0
8,3330,0
8,3360,0
8,3390,1
8,3420,0
8,3450,1
8,3480,1
8,3510,1
8,3540,1
8,3570,0
8,3600,0
8,3630,0
8,3660,0
8,3690,0
8,3720,0
8,3750,0
8,3780,0
8,3810,0
8,3840,0
8,3870,0
8,3900,0
8,3930,0
8,3960,0
8,3990,0
8,4020,0
8,4050,0
8,4080,0
8,4110,0
8,4140,0
8,4170,0
8,4200,0
8,4230,0
8,4260,0
8,4290,0
8,4320,0
8,4350,1
8,4380,1
8,4410,1
8,4440,1
8,4470,1
8,4500,2
8,4530,2
8,4560,1
8,4590,2
8,4620,2
8,4650,2
8,4680,0
8,4710,0
8,4740,0
8,4770,0
8,4800,0
8,4830,0
8,4860,0
8,4890,0
8,4920,0
8,4950,0
8,4980,0
8,5010,0
8,5040,0
8,5070,0
8,5100,0
8,5130,0
8,5160,0
8,5190,0
8,5220,0
8,5250,0
8,5280,0
8,5310,0
8,5340,0
8,5370,0
8,5400,0
8,5430,0
8,5460,0
8,5490,0
8,5520,0
8,5550,0
8,5580,0
8,5610,0
8,5640,0
8,5670,0
8,5700,0
8,5730,0
8,5760,0
8,5790,0
8,5820,0
8,5850,0
8,5880,0
8,5910,0
8,5940,0
8,5970,0
8,6000,0
8,6030,0
8,6060,0
8,6090,0
8,6120,0
8,6150,0
8,6180,0
8,6210,0
8,6240,0
8,6270,0
8,6300,0
8,6330,0
8,6360,0
8,6390,0
8,6420,0
8,6450,0
8,6480,0
8,6510,0
8,6540,0
8,6570,0
8,6600,0
8,6630,0
8,6660,0
8,6690,0
8,6720,0
8,6750,0
8,6780,0
8,6810,0
8,6840,0
8,6870,0
8,6900,0
8,6930,0
8,6960,0
8,6990,0
8,7020,0
8,7050,0
8,7080,0
8,7110,0
8,7140,0
8,7170,0
8,7200,0
8,7230,0
8,7260,0
8,7290,0
8,7320,0
8,7350,0
8,7380,0
8,7410,0
8,7440,0
8,7470,0
8,7500,0
8,7530,0
8,7560,0
8,7590,0
8,7620,0
8,7650,0
8,7680,0
8,7710,0
8,7740,0
8,7770,0
8,7800,0
8,7830,0
8,7860,0
8,7890,0
8,7920,0
8,7950,0
8,7980,0
8,8010,0
8,8040,0
8,8070,0
8,8100,0
8,8130,0
8,8160,0
8,8190,0
8,8220,0
8,8250,0
8,8280,0
8,8310,0
8,8340,0
8,8370,0
8,8400,0
8,8430,0
8,8460,0
8,8490,0
8,8520,0
8,8550,0
8,8580,0
8,8610,0
8,8640,0
8,8670,0
8,8700,0
8,8730,0
8,8760,0
8,8790,0
8,8820,0
8,8850,0
8,8880,0
8,8910,0
8,8940,0
8,8970,0
8,9000,0
8,9030,1
8,9060,1
8,9090,1
8,9120,0
8,9150,0
8,9180,0
8,9210,0
8,9240,0
8,9270,0
8,9300,0
8,9330,0
8,9360,0
8,9390,0
8,9420,0
8,9450,0
8,9480,0
8,9510,0
8,9540,0
8,9570,0
8,9600,0
8,9630,0
8,9660,0
8,9690,1
8,9720,0
8,9750,0
8,9780,1
8,9810,0
8,9840,1
8,9870,1
8,9900,1
8,9930,1
8,9960,1
8,9990,1
8,10020,2
8,10050,2
8,10080,2
8,10110,2
8,10140,2
8,10170,2
8,10200,2
8,10230,2
8,10260,2
8,10290,2
8,10320,2
8,10350,2
8,10380,2
8,10410,2
8,10440,2
8,10470,2
8,10500,2
8,10530,2
8,10560,3
8,10590,3
8,10620,3
8,10650,3
8,10680,3
8,10710,3
8,10740,3
8,10770,3
8,10800,3
8,10830,3
8,10860,3
8,10890,3
8,10920,3
8,10950,0
8,10980,0
8,11010,0
8,11040,0
8,11070,0
8,11100,1
8,11130,1
8,11160,2
8,11190,2
8,11220,2
8,11250,2
8,11280,2
8,11310,2
8,11340,2
8,11370,2
8,11400,2
8,11430,2
8,11460,2
8,11490,2
8,11520,2
8,11550,3
8,11580,3
8,11610,3
8,11640,3
8,11670,3
8,11700,3
8,11730,3
8,11760,3
8,11790,3
8,11820,3
8,11850,3
8,11880,3
8,11910,3
8,11940,3
8,11970,3
8,12000,3
8,12030,3
8,12060,3
8,12090,3
8,12120,3
8,12150,3
8,12180,3
8,12210,3
8,12240,3
8,12270,3
8,12300,3
8,12330,3
8,12360,3
8,12390,3
8,12420,3
8,12450,3
8,12480,3
8,12510,3
8,12540,3
8,12570,3
8,12600,3
8,12630,3
8,12660,3
8,12690,3
8,12720,3
8,12750,3
8,12780,3
8,12810,3
8,12840,3
8,12870,3
8,12900,3
8,12930,3
8,12960,3
8,12990,3
8,13020,3
8,13050,3
8,13080,2
8,13110,2
8,13140,2
8,13170,1
8,13200,2
8,13230,2
8,13260,2
8,13290,2
8,13320,2
8,13350,5
8,13380,5
8,13410,5
8,13440,5
8,13470,5
8,13500,5
8,13530,5
8,13560,5
8,13590,5
8,13620,5
8,13650,5
8,13680,5
8,13710,5
8,13740,5
8,13770,5
8,13800,5
8,13830,5
8,13860,5
8,13890,5
8,13920,5
8,13950,5
8,13980,5
8,14010,5
8,14040,5
8,14070,5
8,14100,5
8,14130,5
8,14160,5
8,14190,5
8,14220,5
8,14250,5
8,14280,5
8,14310,5
8,14340,5
8,14370,5
8,14400,0
8,14430,0
8,14460,0
8,14490,0
8,14520,0
8,14550,0
8,14580,0
8,14610,0
8,14640,0
8,14670,0
8,14700,0
8,14730,1
8,14760,0
8,14790,1
8,14820,1
8,14850,1
8,14880,1
8,14910,2
8,14940,2
8,14970,2
8,15000,2
8,15030,2
8,15060,2
8,15090,2
8,15120,2
8,15150,2
8,15180,2
8,15210,2
8,15240,2
8,15270,2
8,15300,2
8,15330,2
8,15360,2
8,15390,2
8,15420,2
8,15450,2
8,15480,2
8,15510,2
8,15540,2
8,15570,2
8,15600,2
8,15630,2
8,15660,2
8,15690,3
8,15720,3
8,15750,3
8,15780,3
8,15810,3
8,15840,3
8,15870,3
8,15900,3
8,15930,3
8,15960,3
8,15990,3
8,16020,3
8,16050,3
8,16080,3
8,16110,3
8,16140,3
8,16170,3
8,16200,3
8,16230,3
8,16260,3
8,16290,3
8,16320,3
8,16350,3
8,16380,3
8,16410,3
8,16440,3
8,16470,3
8,16500,3
8,16530,3
8,16560,3
8,16590,3
8,16620,3
8,16650,3
8,16680,3
8,16710,3
8,16740,3
8,16770,3
8,16800,3
8,16830,3
8,16860,3
8,16890,3
8,16920,3
8,16950,3
8,16980,3
8,17010,3
8,17040,3
8,17070,3
8,17100,3
8,17130,3
8,17160,3
8,17190,3
8,17220,3
8,17250,0
8,17280,0
8,17310,0
8,17340,0
8,17370,0
8,17400,0
8,17430,1
8,17460,2
8,17490,2
8,17520,2
8,17550,2
8,17580,2
8,17610,2
8,17640,2
8,17670,1
8,17700,2
8,17730,2
8,17760,2
8,17790,2
8,17820,0
8,17850,1
8,17880,1
8,17910,2
8,17940,0
8,17970,1
8,18000,1
8,18030,1
8,18060,5
8,18090,5
8,18120,5
8,18150,0
8,18180,0
8,18210,0
8,18240,0
8,18270,0
8,18300,1
8,18330,1
8,18360,1
8,18390,1
8,18420,1
8,18450,1
8,18480,2
8,18510,0
8,18540,1
8,18570,2
8,18600,1
8,18630,2
8,18660,1
8,18690,1
8,18720,2
8,18750,2
8,18780,1
8,18810,2
8,18840,1
8,18870,1
8,18900,1
8,18930,1
8,18960,2
8,18990,1
8,19020,1
8,19050,1
8,19080,1
8,19110,1
8,19140,1
8,19170,2
8,19200,2
8,19230,1
8,19260,2
8,19290,2
8,19320,1
8,19350,2
8,19380,2
8,19410,2
8,19440,2
8,19470,2
8,19500,2
8,19530,0
8,19560,1
8,19590,1
8,19620,2
8,19650,2
8,19680,2
8,19710,2
8,19740,2
8,19770,2
8,19800,2
8,19830,2
8,19860,2
8,19890,2
8,19920,2
8,19950,2
8,19980,2
8,20010,2
8,20040,2
8,20070,1
8,20100,1
8,20130,5
8,20160,5
8,20190,5
8,20220,5
8,20250,5
8,20280,5
8,20310,5
8,20340,5
8,20370,5
8,20400,5
8,20430,5
8,20460,5
8,20490,5
8,20520,5
8,20550,5
8,20580,5
8,20610,5
8,20640,5
8,20670,5
8,20700,5
8,20730,5
8,20760,5
8,20790,5
8,20820,5
8,20850,5
8,20880,5
8,20910,5
8,20940,5
8,20970,5
8,21000,5
8,21030,5
8,21060,5
8,21090,5
8,21120,5
8,21150,5
8,21180,5
8,21210,5
8,21240,5
8,21270,5
8,21300,5
8,21330,5
8,21360,5
8,21390,5
8,21420,5
8,21450,5
8,21480,5
8,21510,5
8,21540,5
8,21570,5
8,21600,5
8,21630,5
8,21660,5
8,21690,5
8,21720,5
8,21750,5
8,21780,5
8,21810,5
8,21840,5
8,21870,5
8,21900,5
8,21930,5
8,21960,5
8,21990,5
8,22020,5
8,22050,5
8,22080,5
8,22110,0
8,22140,0
8,22170,0
8,22200,0
8,22230,0
8,22260,0
8,22290,0
8,22320,0
8,22350,0
8,22380,0
8,22410,0
8,22440,0
8,22470,0
8,22500,0
8,22530,0
8,22560,0
8,22590,0
8,22620,0
8,22650,0
8,22680,0
8,22710,0
8,22740,0
8,22770,0
8,22800,0
8,22830,0
8,22860,0
8,22890,0
8,22920,0
8,22950,0
8,22980,0
8,23010,0
8,23040,0
8,23070,0
8,23100,0
8,23130,0
8,23160,0
8,23190,0
8,23220,1
8,23250,1
8,23280,1
8,23310,1
8,23340,1
8,23370,2
8,23400,2
8,23430,2
8,23460,2
8,23490,2
8,23520,2
8,23550,2
8,23580,2
8,23610,2
8,23640,2
8,23670,2
8,23700,2
8,23730,2
8,23760,2
8,23790,2
8,23820,2
8,23850,2
8,23880,2
8,23910,2
8,23940,2
8,23970,2
8,24000,2
8,24030,2
8,24060,2
8,24090,2
8,24120,2
8,24150,2
8,24180,2
8,24210,2
8,24240,2
8,24270,0
8,24300,1
8,24330,1
8,24360,2
8,24390,2
8,24420,2
8,24450,2
8,24480,2
8,24510,2
8,24540,2
8,24570,2
8,24600,2
8,24630,2
8,24660,2
8,24690,2
8,24720,1
8,24750,1
8,24780,2
8,24810,2
8,24840,2
8,24870,2
8,24900,2
8,24930,2
8,24960,2
8,24990,2
8,25020,2
8,25050,2
8,25080,2
8,25110,2
8,25140,2
8,25170,2
8,25200,2
8,25230,2
8,25260,2
8,25290,2
8,25320,2
8,25350,2
8,25380,2
8,25410,2
8,25440,2
8,25470,2
8,25500,2
8,25530,2
8,25560,2
8,25590,3
8,25620,3
8,25650,3
8,25680,3
8,25710,3
8,25740,3
8,25770,3
8,25800,3
8,25830,3
8,25860,3
8,25890,3
8,25920,3
8,25950,3
8,25980,3
8,26010,3
8,26040,3
8,26070,3
8,26100,3
8,26130,3
8,26160,3
8,26190,3
8,26220,3
8,26250,3
8,26280,3
8,26310,3
8,26340,2
8,26370,2
8,26400,3
8,26430,3
8,26460,2
8,26490,2
8,26520,2
8,26550,0
8,26580,1
8,26610,1
8,26640,1
8,26670,1
8,26700,0
8,26730,1
8,26760,1
8,26790,1
8,26820,1
8,26850,1
8,26880,1
8,26910,0
8,26940,1
8,26970,1
8,27000,1
8,27030,2
8,27060,2
8,27090,1
8,27120,1
8,27150,5
8,27180,5
8,27210,5
8,27240,5
8,27270,5
8,27300,5
8,27330,5
8,27360,1
8,27390,1
8,27420,5
8,27450,5
8,27480,1
8,27510,5
8,27540,5
8,27570,5
8,27600,0
8,27630,1
8,27660,5
8,27690,5
8,27720,5
8,27750,5
8,27780,5
8,27810,5
8,27840,5
8,27870,5
8,27900,5
8,27930,5
8,27960,5
8,27990,5
8,28020,0
8,28050,0
8,28080,1
8,28110,1
8,28140,1
8,28170,1
8,28200,1
8,28230,2
8,28260,2
8,28290,1
8,28320,2
8,28350,2
8,28380,5
8,28410,5
8,28440,5
8,28470,5
8,28500,5
8,28530,5
8,28560,5
8,28590,5
8,28620,5
8,28650,5
8,28680,5
8,28710,5
8,28740,0
8,28770,1
8,28800,1
8,28830,5
8,28860,5
8,28890,5
8,28920,5
8,28950,5
8,28980,5
8,29010,5
8,29040,5
8,29070,5
8,29100,5
8,29130,1
8,29160,5
8,29190,5
8,29220,5
8,29250,5
8,29280,5
8,29310,1
8,29340,1
8,29370,1
8,29400,1
8,29430,5
8,29460,5
8,29490,5
8,29520,5
8,29550,5
8,29580,5
8,29610,0
8,29640,1
8,29670,1
8,29700,2
8,29730,1
8,29760,1
8,29790,2
8,29820,2
8,29850,2
8,29880,2
8,29910,2
8,29940,2
8,29970,1
9,0,0
9,30,0
9,60,0
9,90,0
9,120,0
9,150,0
9,180,0
9,210,0
9,240,0
9,270,1
9,300,1
9,330,1
9,360,0
9,390,0
9,420,0
9,450,0
9,480,1
9,510,1
9,540,1
9,570,1
9,600,1
9,630,1
9,660,2
9,690,2
9,720,2
9,750,2
9,780,2
9,810,0
9,840,1
9,870,1
9,900,1
9,930,2
9,960,1
9,990,1
9,1020,1
9,1050,2
9,1080,2
9,1110,1
9,1140,1
9,1170,2
9,1200,2
9,1230,2
9,1260,0
9,1290,1
9,1320,2
9,1350,0
9,1380,1
9,1410,1
9,1440,1
9,1470,1
9,1500,1
9,1530,1
9,1560,1
9,1590,0
9,1620,1
9,1650,1
9,1680,2
9,1710,0
9,1740,1
9,1770,1
9,1800,2
9,1830,2
9,1860,2
9,1890,2
9,1920,2
9,1950,2
9,1980,2
9,2010,2
9,2040,1
9,2070,1
9,2100,1
9,2130,1
9,2160,1
9,2190,2
9,2220,2
9,2250,1
9,2280,2
9,2310,1
9,2340,2
9,2370,1
9,2400,1
9,2430,1
9,2460,1
9,2490,1
9,2520,2
9,2550,1
9,2580,2
9,2610,2
9,2640,2
9,2670,3
9,2700,3
9,2730,3
9,2760,3
9,2790,3
9,2820,3
9,2850,3
9,2880,3
9,2910,3
9,2940,3
9,2970,3
9,3000,3
9,3030,3
9,3060,3
9,3090,3
9,3120,3
9,3150,3
9,3180,0
9,3210,0
9,3240,0
9,3270,0
9,3300,0
9,3330,0
9,3360,1
9,3390,0
9,3420,1
9,3450,1
9,3480,1
9,3510,1
9,3540,0
9,3570,0
9,3600,1
9,3630,1
9,3660,1
9,3690,1
9,3720,1
9,3750,2
9,3780,0
9,3810,0
9,3840,1
9,3870,2
9,3900,0
9,3930,0
9,3960,1
9,3990,2
9,4020,2
9,4050,2
9,4080,2
9,4110,2
9,4140,0
9,4170,1
9,4200,2
9,4230,1
9,4260,2
9,4290,2
9,4320,3
9,4350,3
9,4380,3
9,4410,3
9,4440,3
9,4470,3
9,4500,3
9,4530,3
9,4560,3
9,4590,3
9,4620,3
9,4650,3
9,4680,3
9,4710,3
9,4740,3
9,4770,3
9,4800,3
9,4830,3
9,4860,3
9,4890,3
9,4920,3
9,4950,3
9,4980,3
9,5010,3
9,5040,3
9,5070,3
9,5100,3
9,5130,3
9,5160,3
9,5190,3
9,5220,3
9,5250,3
9,5280,3
9,5310,3
9,5340,3
9,5370,3
9,5400,3
9,5430,3
9,5460,3
9,5490,3
9,5520,3
9,5550,3
9,5580,3
9,5610,3
9,5640,3
9,5670,3
9,5700,3
9,5730,3
9,5760,3
9,5790,3
9,5820,3
9,5850,3
9,5880,3
9,5910,3
9,5940,3
9,5970,3
9,6000,3
9,6030,3
9,6060,3
9,6090,3
9,6120,3
9,6150,3
9,6180,3
9,6210,3
9,6240,3
9,6270,3
9,6300,3
9,6330,3
9,6360,3
9,6390,3
9,6420,3
9,6450,0
9,6480,0
9,6510,0
9,6540,0
9,6570,0
9,6600,1
9,6630,2
9,6660,2
9,6690,2
9,6720,2
9,6750,2
9,6780,2
9,6810,2
9,6840,1
9,6870,2
9,6900,2
9,6930,2
9,6960,1
9,6990,2
9,7020,2
9,7050,2
9,7080,2
9,7110,2
9,7140,2
9,7170,1
9,7200,2
9,7230,2
9,7260,2
9,7290,2
9,7320,1
9,7350,2
9,7380,2
9,7410,1
9,7440,2
9,7470,1
9,7500,2
9,7530,2
9,7560,2
9,7590,2
9,7620,2
9,7650,2
9,7680,2
9,7710,2
9,7740,2
9,7770,2
9,7800,2
9,7830,2
9,7860,5
9,7890,5
9,7920,5
9,7950,5
9,7980,2
9,8010,2
9,8040,5
9,8070,5
9,8100,2
9,8130,2
9,8160,2
9,8190,2
9,8220,2
9,8250,2
9,8280,2
9,8310,2
9,8340,0
9,8370,0
9,8400,0
9,8430,0
9,8460,0
9,8490,0
9,8520,0
9,8550,0
9,8580,0
9,8610,1
9,8640,1
9,8670,2
9,8700,2
9,8730,2
9,8760,2
9,8790,2
9,8820,2
9,8850,2
9,8880,2
9,8910,2
9,8940,2
9,8970,2
9,9000,2
9,9030,2
9,9060,2
9,9090,2
9,9120,2
9,9150,2
9,9180,2
9,9210,2
9,9240,2
9,9270,2
9,9300,2
9,9330,3
9,9360,3
9,9390,3
9,9420,3
9,9450,3
9,9480,3
9,9510,0
9,9540,1
9,9570,2
9,9600,2
9,9630,2
9,9660,2
9,9690,2
9,9720,2
9,9750,3
9,9780,3
9,9810,3
9,9840,3
9,9870,3
9,9900,3
9,9930,3
9,9960,3
9,9990,3
9,10020,3
9,10050,3
9,10080,3
9,10110,2
9,10140,2
9,10170,2
9,10200,3
9,10230,3
9,10260,3
9,10290,3
9,10320,3
9,10350,3
9,10380,3
9,10410,3
9,10440,3
9,10470,2
9,10500,2
9,10530,0
9,10560,0
9,10590,0
9,10620,1
9,10650,0
9,10680,1
9,10710,0
9,10740,1
9,10770,1
9,10800,2
9,10830,0
9,10860,1
9,10890,1
9,10920,1
9,10950,2
9,10980,2
9,11010,2
9,11040,2
9,11070,2
9,11100,2
9,11130,0
9,11160,0
9,11190,0
9,11220,2
9,11250,1
9,11280,1
9,11310,2
9,11340,0
9,11370,0
9,11400,0
9,11430,1
9,11460,1
9,11490,1
9,11520,0
9,11550,0
9,11580,0
9,11610,1
9,11640,1
9,11670,2
9,11700,2
9,11730,2
9,11760,2
9,11790,1
9,11820,2
9,11850,2
9,11880,2
9,11910,2
9,11940,2
9,11970,2
9,12000,1
9,12030,2
9,12060,2
9,12090,2
9,12120,2
9,12150,2
9,12180,3
9,12210,3
9,12240,3
9,12270,2
9,12300,2
9,12330,2
9,12360,2
9,12390,2
9,12420,2
9,12450,2
9,12480,1
9,12510,2
9,12540,2
9,12570,2
9,12600,2
9,12630,2
9,12660,0
9,12690,0
9,12720,0
9,12750,0
9,12780,1
9,12810,2
9,12840,2
9,12870,2
9,12900,1
9,12930,2
9,12960,2
9,12990,0
9,13020,1
9,13050,2
9,13080,2
9,13110,2
9,13140,2
9,13170,2
9,13200,3
9,13230,2
9,13260,2
9,13290,2
9,13320,2
9,13350,3
9,13380,3
9,13410,3
9,13440,3
9,13470,3
9,13500,3
9,13530,3
9,13560,3
9,13590,3
9,13620,3
9,13650,3
9,13680,3
9,13710,3
9,13740,3
9,13770,3
9,13800,3
9,13830,3
9,13860,3
9,13890,3
9,13920,3
9,13950,3
9,13980,3
9,14010,3
9,14040,3
9,14070,3
9,14100,3
9,14130,3
9,14160,3
9,14190,3
9,14220,3
9,14250,3
9,14280,3
9,14310,3
9,14340,3
9,14370,3
9,14400,3
9,14430,3
9,14460,3
9,14490,1
9,14520,2
9,14550,2
9,14580,2
9,14610,2
9,14640,2
9,14670,3
9,14700,3
9,14730,3
9,14760,3
9,14790,3
9,14820,3
9,14850,5
9,14880,5
9,14910,5
9,14940,5
9,14970,5
9,15000,5
9,15030,5
9,15060,5
9,15090,0
9,15120,1
9,15150,1
9,15180,5
9,15210,5
9,15240,5
9,15270,5
9,15300,5
9,15330,5
9,15360,5
9,15390,5
9,15420,5
9,15450,5
9,15480,5
9,15510,5
9,15540,5
9,15570,1
9,15600,5
9,15630,0
9,15660,0
9,15690,0
9,15720,1
9,15750,0
9,15780,1
9,15810,1
9,15840,0
9,15870,0
9,15900,0
9,15930,0
9,15960,0
9,15990,0
9,16020,0
9,16050,1
9,16080,1
9,16110,1
9,16140,1
9,16170,0
9,16200,1
9,16230,1
9,16260,0
9,16290,0
9,16320,0
9,16350,0
9,16380,0
9,16410,1
9,16440,1
9,16470,1
9,16500,1
9,16530,2
9,16560,1
9,16590,2
9,16620,2
9,16650,1
9,16680,0
9,16710,0
9,16740,1
9,16770,1
9,16800,1
9,16830,1
9,16860,2
9,16890,2
9,16920,1
9,16950,2
9,16980,2
9,17010,2
9,17040,0
9,17070,0
9,17100,1
9,17130,2
9,17160,2
9,17190,2
9,17220,0
9,17250,2
9,17280,2
9,17310,2
9,17340,2
9,17370,2
9,17400,2
9,17430,1
9,17460,0
9,17490,1
9,17520,1
9,17550,2
9,17580,1
9,17610,1
9,17640,2
9,17670,2
9,17700,2
9,17730,2
9,17760,2
9,17790,2
9,17820,2
9,17850,2
9,17880,2
9,17910,2
9,17940,2
9,17970,2
9,18000,2
9,18030,2
9,18060,2
9,18090,2
9,18120,2
9,18150,2
9,18180,2
9,18210,2
9,18240,2
9,18270,2
9,18300,3
9,18330,3
9,18360,3
9,18390,3
9,18420,3
9,18450,3
9,18480,3
9,18510,3
9,18540,3
9,18570,3
9,18600,3
9,18630,3
9,18660,3
9,18690,3
9,18720,3
9,18750,3
9,18780,3
9,18810,3
9,18840,3
9,18870,3
9,18900,3
9,18930,3
9,18960,3
9,18990,3
9,19020,3
9,19050,3
9,19080,3
9,19110,3
9,19140,3
9,19170,3
9,19200,3
9,19230,3
9,19260,3
9,19290,3
9,19320,3
9,19350,3
9,19380,3
9,19410,3
9,19440,3
9,19470,3
9,19500,3
9,19530,3
9,19560,3
9,19590,3
9,19620,3
9,19650,3
9,19680,3
9,19710,3
9,19740,3
9,19770,3
9,19800,3
9,19830,3
9,19860,3
9,19890,3
9,19920,3
9,19950,3
9,19980,3
9,20010,3
9,20040,0
9,20070,3
9,20100,2
9,20130,2
9,20160,3
9,20190,3
9,20220,3
9,20250,1
9,20280,5
9,20310,5
9,20340,5
9,20370,5
9,20400,1
9,20430,5
9,20460,5
9,20490,5
9,20520,5
9,20550,1
9,20580,5
9,20610,1
9,20640,1
9,20670,1
9,20700,1
9,20730,5
9,20760,5
9,20790,5
9,20820,5
9,20850,5
9,20880,0
9,20910,0
9,20940,1
9,20970,0
9,21000,1
9,21030,1
9,21060,0
9,21090,1
9,21120,1
9,21150,1
9,21180,1
9,21210,1
9,21240,1
9,21270,1
9,21300,2
9,21330,1
9,21360,2
9,21390,2
9,21420,2
9,21450,2
9,21480,2
9,21510,0
9,21540,0
9,21570,0
9,21600,1
9,21630,0
9,21660,1
9,21690,1
9,21720,1
9,21750,2
9,21780,2
9,21810,2
9,21840,2
9,21870,2
9,21900,1
9,21930,2
9,21960,2
9,21990,2
9,22020,1
9,22050,2
9,22080,2
9,22110,2
9,22140,2
9,22170,2
9,22200,2
9,22230,1
9,22260,1
9,22290,1
9,22320,1
9,22350,2
9,22380,0
9,22410,1
9,22440,2
9,22470,2
9,22500,2
9,22530,2
9,22560,2
9,22590,2
9,22620,2
9,22650,2
9,22680,2
9,22710,2
9,22740,2
9,22770,1
9,22800,1
9,22830,1
9,22860,5
9,22890,5
9,22920,5
9,22950,5
9,22980,5
9,23010,5
9,23040,5
9,23070,5
9,23100,1
9,23130,5
9,23160,5
9,23190,0
9,23220,5
9,23250,5
9,23280,5
9,23310,0
9,23340,0
9,23370,0
9,23400,0
9,23430,0
9,23460,1
9,23490,1
9,23520,1
9,23550,2
9,23580,2
9,23610,1
9,23640,2
9,23670,2
9,23700,2
9,23730,2
9,23760,1
9,23790,2
9,23820,2
9,23850,2
9,23880,2
9,23910,2
9,23940,2
9,23970,2
9,24000,2
9,24030,2
9,24060,2
9,24090,0
9,24120,0
9,24150,0
9,24180,0
9,24210,0
9,24240,0
9,24270,0
9,24300,1
9,24330,2
9,24360,2
9,24390,2
9,24420,2
9,24450,2
9,24480,2
9,24510,2
9,24540,2
9,24570,2
9,24600,2
9,24630,2
9,24660,2
9,24690,2
9,24720,2
9,24750,2
9,24780,2
9,24810,2
9,24840,2
9,24870,2
9,24900,2
9,24930,2
9,24960,2
9,24990,2
9,25020,2
9,25050,2
9,25080,2
9,25110,2
9,25140,2
9,25170,2
9,25200,2
9,25230,0
9,25260,0
9,25290,1
9,25320,2
9,25350,2
9,25380,2
9,25410,2
9,25440,2
9,25470,2
9,25500,2
9,25530,2
9,25560,5
9,25590,5
9,25620,5
9,25650,5
9,25680,5
9,25710,5
9,25740,1
9,25770,5
9,25800,5
9,25830,1
9,25860,1
9,25890,1
9,25920,0
9,25950,0
9,25980,0
9,26010,0
9,26040,0
9,26070,0
9,26100,1
9,26130,1
9,26160,2
9,26190,1
9,26220,2
9,26250,2
9,26280,2
9,26310,2
9,26340,2
9,26370,2
9,26400,1
9,26430,2
9,26460,2
9,26490,1
9,26520,1
9,26550,1
9,26580,2
9,26610,2
9,26640,2
9,26670,2
9,26700,2
9,26730,2
9,26760,2
9,26790,2
9,26820,2
9,26850,2
9,26880,2
9,26910,2
9,26940,2
9,26970,2
9,27000,2
9,27030,2
9,27060,2
9,27090,2
9,27120,2
9,27150,2
9,27180,2
9,27210,2
9,27240,2
9,27270,2
9,27300,2
9,27330,2
9,27360,2
9,27390,2
9,27420,2
9,27450,2
9,27480,2
9,27510,2
9,27540,2
9,27570,2
9,27600,2
9,27630,2
9,27660,2
9,27690,2
9,27720,2
9,27750,2
9,27780,2
9,27810,2
9,27840,2
9,27870,2
9,27900,2
9,27930,2
9,27960,2
9,27990,2
9,28020,2
9,28050,2
9,28080,2
9,28110,2
9,28140,2
9,28170,2
9,28200,2
9,28230,2
9,28260,0
9,28290,0
9,28320,0
9,28350,0
9,28380,0
9,28410,0
9,28440,0
9,28470,0
9,28500,0
9,28530,0
9,28560,0
9,28590,0
9,28620,0
9,28650,0
9,28680,0
9,28710,0
9,28740,0
9,28770,0
9,28800,0
9,28830,0
9,28860,0
9,28890,0
9,28920,0
9,28950,0
9,28980,0
9,29010,0
9,29040,0
10,0,0
10,30,0
10,60,0
10,90,0
10,120,0
10,150,0
10,180,0
10,210,0
10,240,0
10,270,0
10,300,0
10,330,0
10,360,0
10,390,0
10,420,0
10,450,0
10,480,0
10,510,0
10,540,0
10,570,0
10,600,0
10,630,0
10,660,0
10,690,0
10,720,0
10,750,0
10,780,0
10,810,0
10,840,0
10,870,0
10,900,0
10,930,0
10,960,0
10,990,0
10,1020,0
10,1050,0
10,1080,0
10,1110,0
10,1140,0
10,1170,0
10,1200,0
10,1230,0
10,1260,0
10,1290,0
10,1320,1
10,1350,1
10,1380,1
10,1410,0
10,1440,0
10,1470,0
10,1500,0
10,1530,0
10,1560,0
10,1590,0
10,1620,0
10,1650,1
10,1680,1
10,1710,1
10,1740,1
10,1770,1
10,1800,1
10,1830,1
10,1860,0
10,1890,0
10,1920,0
10,1950,0
10,1980,0
10,2010,0
10,2040,0
10,2070,0
10,2100,0
10,2130,1
10,2160,1
10,2190,1
10,2220,1
10,2250,1
10,2280,1
10,2310,1
10,2340,0
10,2370,0
10,2400,0
10,2430,1
10,2460,2
10,2490,2
10,2520,2
10,2550,0
10,2580,0
10,2610,1
10,2640,0
10,2670,0
10,2700,0
10,2730,1
10,2760,1
10,2790,1
10,2820,1
10,2850,1
10,2880,0
10,2910,1
10,2940,1
10,2970,1
10,3000,1
10,3030,1
10,3060,1
10,3090,0
10,3120,1
10,3150,1
10,3180,1
10,3210,1
10,3240,0
10,3270,1
10,3300,2
10,3330,0
10,3360,2
10,3390,1
10,3420,1
10,3450,2
10,3480,2
10,3510,0
10,3540,1
10,3570,2
10,3600,2
10,3630,1
10,3660,2
10,3690,2
10,3720,2
10,3750,2
10,3780,0
10,3810,1
10,3840,0
10,3870,1
10,3900,1
10,3930,1
10,3960,1
10,3990,2
10,4020,1
10,4050,2
10,4080,2
10,4110,1
10,4140,0
10,4170,0
10,4200,0
10,4230,1
10,4260,1
10,4290,2
10,4320,2
10,4350,2
10,4380,2
10,4410,2
10,4440,2
10,4470,2
10,4500,2
10,4530,2
10,4560,2
10,4590,2
10,4620,2
10,4650,2
10,4680,1
10,4710,2
10,4740,2
10,4770,2
10,4800,2
10,4830,2
10,4860,2
10,4890,2
10,4920,2
10,4950,2
10,4980,2
10,5010,2
10,5040,2
10,5070,2
10,5100,2
10,5130,3
10,5160,2
10,5190,0
10,5220,0
10,5250,0
10,5280,0
10,5310,1
10,5340,1
10,5370,1
10,5400,2
10,5430,2
10,5460,2
10,5490,2
10,5520,2
10,5550,2
10,5580,2
10,5610,2
10,5640,0
10,5670,1
10,5700,1
10,5730,1
10,5760,1
10,5790,1
10,5820,0
10,5850,1
10,5880,1
10,5910,1
10,5940,2
10,5970,2
10,6000,2
10,6030,2
10,6060,0
10,6090,0
10,6120,1
10,6150,1
10,6180,2
10,6210,2
10,6240,2
10,6270,5
10,6300,5
10,6330,5
10,6360,5
10,6390,5
10,6420,5
10,6450,5
10,6480,5
10,6510,5
10,6540,5
10,6570,5
10,6600,5
10,6630,5
10,6660,5
10,6690,5
10,6720,5
10,6750,5
10,6780,5
10,6810,5
10,6840,5
10,6870,5
10,6900,5
10,6930,5
10,6960,5
10,6990,5
10,7020,5
10,7050,5
10,7080,5
10,7110,5
10,7140,5
10,7170,5
10,7200,5
10,7230,5
10,7260,5
10,7290,5
10,7320,5
10,7350,5
10,7380,5
10,7410,5
10,7440,5
10,7470,5
10,7500,5
10,7530,5
10,7560,5
10,7590,5
10,7620,5
10,7650,5
10,7680,5
10,7710,5
10,7740,5
10,7770,5
10,7800,5
10,7830,5
10,7860,5
10,7890,5
10,7920,5
10,7950,5
10,7980,2
10,8010,2
10,8040,2
10,8070,2
10,8100,2
10,8130,2
10,8160,2
10,8190,2
10,8220,2
10,8250,2
10,8280,2
10,8310,2
10,8340,2
10,8370,2
10,8400,3
10,8430,3
10,8460,3
10,8490,3
10,8520,3
10,8550,3
10,8580,3
10,8610,3
10,8640,3
10,8670,3
10,8700,3
10,8730,3
10,8760,3
10,8790,3
10,8820,3
10,8850,3
10,8880,3
10,8910,3
10,8940,3
10,8970,3
10,9000,3
10,9030,3
10,9060,3
10,9090,3
10,9120,3
10,9150,3
10,9180,3
10,9210,3
10,9240,3
10,9270,3
10,9300,3
10,9330,3
10,9360,3
10,9390,3
10,9420,3
10,9450,3
10,9480,3
10,9510,3
10,9540,3
10,9570,3
10,9600,3
10,9630,3
10,9660,3
10,9690,3
10,9720,3
10,9750,3
10,9780,3
10,9810,3
10,9840,3
10,9870,3
10,9900,3
10,9930,3
10,9960,3
10,9990,3
10,10020,3
10,10050,3
10,10080,3
10,10110,3
10,10140,3
10,10170,3
10,10200,3
10,10230,3
10,10260,3
10,10290,3
10,10320,3
10,10350,3
10,10380,3
10,10410,3
10,10440,3
10,10470,3
10,10500,3
10,10530,3
10,10560,3
10,10590,3
10,10620,3
10,10650,3
10,10680,3
10,10710,3
10,10740,3
10,10770,3
10,10800,3
10,10830,3
10,10860,3
10,10890,3
10,10920,3
10,10950,0
10,10980,2
10,11010,2
10,11040,2
10,11070,2
10,11100,2
10,11130,2
10,11160,2
10,11190,2
10,11220,1
10,11250,1
10,11280,0
10,11310,1
10,11340,1
10,11370,1
10,11400,2
10,11430,0
10,11460,1
10,11490,2
10,11520,1
10,11550,1
10,11580,0
10,11610,0
10,11640,1
10,11670,0
10,11700,1
10,11730,1
10,11760,1
10,11790,2
10,11820,2
10,11850,2
10,11880,2
10,11910,2
10,11940,2
10,11970,2
10,12000,1
10,12030,2
10,12060,2
10,12090,2
10,12120,2
10,12150,2
10,12180,2
10,12210,2
10,12240,5
10,12270,5
10,12300,5
10,12330,5
10,12360,5
10,12390,5
10,12420,5
10,12450,5
10,12480,5
10,12510,5
10,12540,5
10,12570,5
10,12600,5
10,12630,5
10,12660,5
10,12690,5
10,12720,5
10,12750,5
10,12780,5
10,12810,5
10,12840,5
10,12870,5
10,12900,5
10,12930,5
10,12960,5
10,12990,5
10,13020,5
10,13050,5
10,13080,5
10,13110,5
10,13140,5
10,13170,5
10,13200,5
10,13230,2
10,13260,2
10,13290,1
10,13320,1
10,13350,2
10,13380,2
10,13410,2
10,13440,2
10,13470,1
10,13500,2
10,13530,2
10,13560,2
10,13590,2
10,13620,2
10,13650,2
10,13680,2
10,13710,0
10,13740,0
10,13770,1
10,13800,1
10,13830,1
10,13860,1
10,13890,1
10,13920,2
10,13950,1
10,13980,0
10,14010,1
10,14040,0
10,14070,1
10,14100,1
10,14130,1
10,14160,1
10,14190,1
10,14220,0
10,14250,0
10,14280,0
10,14310,0
10,14340,1
10,14370,1
10,14400,1
10,14430,0
10,14460,0
10,14490,0
10,14520,0
10,14550,1
10,14580,1
10,14610,1
10,14640,1
10,14670,1
10,14700,1
10,14730,1
10,14760,1
10,14790,0
10,14820,1
10,14850,1
10,14880,1
10,14910,1
10,14940,1
10,14970,1
10,15000,1
10,15030,1
10,15060,1
10,15090,1
10,15120,1
10,15150,1
10,15180,1
10,15210,1
10,15240,1
10,15270,1
10,15300,1
10,15330,1
10,15360,0
10,15390,1
10,15420,1
10,15450,1
10,15480,1
10,15510,1
10,15540,0
10,15570,1
10,15600,1
10,15630,1
10,15660,1
10,15690,1
10,15720,1
10,15750,1
10,15780,1
10,15810,1
10,15840,1
10,15870,1
10,15900,1
10,15930,1
10,15960,2
10,15990,0
10,16020,0
10,16050,1
10,16080,1
10,16110,0
10,16140,1
10,16170,1
10,16200,1
10,16230,0
10,16260,1
10,16290,1
10,16320,1
10,16350,1
10,16380,0
10,16410,1
10,16440,1
10,16470,1
10,16500,1
10,16530,1
10,16560,1
10,16590,1
10,16620,1
10,16650,0
10,16680,1
10,16710,1
10,16740,0
10,16770,1
10,16800,1
10,16830,1
10,16860,1
10,16890,1
10,16920,1
10,16950,1
10,16980,1
10,17010,1
10,17040,1
10,17070,0
10,17100,1
10,17130,1
10,17160,1
10,17190,1
10,17220,1
10,17250,1
10,17280,1
10,17310,1
10,17340,1
10,17370,1
10,17400,1
10,17430,1
10,17460,2
10,17490,2
10,17520,2
10,17550,1
10,17580,0
10,17610,1
10,17640,1
10,17670,1
10,17700,0
10,17730,1
10,17760,1
10,17790,0
10,17820,1
10,17850,1
10,17880,2
10,17910,2
10,17940,1
10,17970,1
10,18000,0
10,18030,0
10,18060,1
10,18090,2
10,18120,2
10,18150,1
10,18180,2
10,18210,2
10,18240,2
10,18270,2
10,18300,2
10,18330,2
10,18360,0
10,18390,1
10,18420,1
10,18450,1
10,18480,0
10,18510,1
10,18540,1
10,18570,1
10,18600,1
10,18630,1
10,18660,1
10,18690,2
10,18720,2
10,18750,2
10,18780,2
10,18810,2
10,18840,2
10,18870,2
10,18900,2
10,18930,2
10,18960,1
10,18990,0
10,19020,1
10,19050,2
10,19080,2
10,19110,2
10,19140,2
10,19170,2
10,19200,2
10,19230,2
10,19260,2
10,19290,2
10,19320,2
10,19350,5
10,19380,5
10,19410,5
10,19440,0
10,19470,1
10,19500,0
10,19530,1
10,19560,1
10,19590,1
10,19620,1
10,19650,1
10,19680,1
10,19710,2
10,19740,1
10,19770,1
10,19800,1
10,19830,2
10,19860,2
10,19890,2
10,19920,2
10,19950,2
10,19980,1
10,20010,1
10,20040,5
10,20070,5
10,20100,5
10,20130,5
10,20160,5
10,20190,5
10,20220,5
10,20250,5
10,20280,5
10,20310,5
10,20340,5
10,20370,5
10,20400,5
10,20430,5
10,20460,5
10,20490,5
10,20520,5
10,20550,5
10,20580,5
10,20610,5
10,20640,5
10,20670,5
10,20700,5
10,20730,5
10,20760,5
10,20790,5
10,20820,5
10,20850,5
10,20880,1
10,20910,5
10,20940,5
10,20970,5
10,21000,5
10,21030,5
10,21060,5
10,21090,5
10,21120,5
10,21150,5
10,21180,5
10,21210,5
10,21240,5
10,21270,5
10,21300,5
10,21330,1
10,21360,1
10,21390,1
10,21420,2
10,21450,2
10,21480,2
10,21510,2
10,21540,2
10,21570,2
10,21600,2
10,21630,2
10,21660,2
10,21690,2
10,21720,1
10,21750,2
10,21780,2
10,21810,2
10,21840,2
10,21870,2
10,21900,2
10,21930,2
10,21960,2
10,21990,2
10,22020,2
10,22050,2
10,22080,2
10,22110,3
10,22140,3
10,22170,3
10,22200,3
10,22230,3
10,22260,3
10,22290,3
10,22320,2
10,22350,3
10,22380,3
10,22410,3
10,22440,3
10,22470,3
10,22500,3
10,22530,3
10,22560,3
10,22590,3
10,22620,3
10,22650,3
10,22680,3
10,22710,3
10,22740,3
10,22770,3
10,22800,3
10,22830,3
10,22860,3
10,22890,3
10,22920,0
10,22950,1
10,22980,1
10,23010,2
10,23040,2
10,23070,2
10,23100,2
10,23130,1
10,23160,2
10,23190,2
10,23220,2
10,23250,2
10,23280,0
10,23310,0
10,23340,0
10,23370,0
10,23400,0
10,23430,0
10,23460,0
10,23490,0
10,23520,0
10,23550,0
10,23580,0
10,23610,0
10,23640,0
10,23670,0
10,23700,0
10,23730,0
10,23760,0
10,23790,0
10,23820,0
10,23850,0